treatment_id,patient_id,doctor_id,treatment_type,treatment_cost,room_cost,treatment_date,doctor_name,specialty,patient_feedback_score,review_date
T0001,P0067,D006,part,2723.53,1932.58,2025-08-04,John Morales,"Scientist, clinical (histocompatibility and immunogenetics)",,
T0002,P0006,D022,machine,3963.16,2215.53,2024-09-29,Brandon Byrd,"Education officer, museum",,
T0003,P0637,D014,seat,4108.71,4958.21,2024-09-14,Antonio Stone,Nutritional therapist,,
T0004,P0314,D003,star,4793.77,1614.28,2024-09-25,Daniel Frye,Metallurgist,,
T0005,P0326,D012,art,4138.91,2779.05,2024-10-11,Cynthia Rodriguez,Automotive engineer,,
T0006,P0565,D036,certainly,2867.72,4299.81,2025-04-28,Timothy Compton,Armed forces operational officer,,
T0007,P0578,D012,official,980.32,1576.5,2025-07-20,Cynthia Rodriguez,Automotive engineer,,
T0008,P0826,D045,face,588.84,2368.46,2024-09-03,Angela Douglas,"Nurse, mental health",,
T0009,P0506,D002,send,367.11,3267.91,2024-12-14,Taylor Potts,Pharmacologist,,
T0010,P0082,D002,wear,3365.98,2665.35,2025-06-02,Taylor Potts,Pharmacologist,,
T0011,P0599,D015,ever,4056.93,2567.76,2025-01-08,Jeffrey Alvarez,Advertising copywriter,,
T0012,P0002,D023,another,2592.55,2131.29,2025-03-24,Ryan Jones,Historic buildings inspector/conservation officer,,
T0013,P0204,D029,late,368.1,3139.91,2024-12-23,Clinton Schmidt,Forensic scientist,,
T0014,P0662,D017,together,2723.81,3309.68,2024-11-29,Danielle Obrien,Counsellor,,
T0015,P0805,D032,fill,4685.17,3439.8,2024-08-27,Stephen Brown,Accommodation manager,,
T0016,P0404,D007,similar,3028.3,816.66,2024-09-06,Jonathon Brown,Landscape architect,,
T0017,P0103,D030,low,4066.19,3339.65,2025-07-04,Stanley Gardner,Logistics and distribution manager,,
T0018,P0536,D028,put,4020.75,4789.57,2024-09-11,Robert Williams,Customer service manager,,
T0019,P0368,D014,factor,4667.43,2934.44,2024-10-18,Antonio Stone,Nutritional therapist,,
T0020,P0212,D044,cut,3874.12,3718.7,2024-10-18,Mr. James Schwartz DVM,Research scientist (life sciences),,
T0021,P0577,D030,operation,3763.73,3005.3,2025-07-08,Stanley Gardner,Logistics and distribution manager,,
T0022,P0961,D017,may,1247.1,4346.33,2025-07-11,Danielle Obrien,Counsellor,,
T0023,P0209,D032,budget,393.63,4683.12,2025-08-02,Stephen Brown,Accommodation manager,,
T0024,P0763,D046,over,2636.24,1328.99,2024-10-09,James Salas,Photographer,,
T0025,P0897,D006,budget,709.73,2465.87,2024-10-10,John Morales,"Scientist, clinical (histocompatibility and immunogenetics)",,
T0026,P0117,D024,resource,4814.76,2265.72,2024-12-25,Tyler Vance,"Producer, television/film/video",,
T0027,P0628,D006,per,1520.63,2323.47,2025-03-15,John Morales,"Scientist, clinical (histocompatibility and immunogenetics)",,
T0028,P0749,D027,southern,4279.43,1064.86,2025-07-15,Adam Williams,"Programmer, multimedia",,
T0029,P0478,D018,soon,1999.36,4161.27,2024-12-15,Claudia Robinson,Advertising art director,,
T0030,P0105,D024,look,1683.65,660.95,2024-11-16,Tyler Vance,"Producer, television/film/video",,
T0031,P0495,D037,stop,4682.28,2877.02,2024-10-16,Aaron Lyons DDS,Sub,,
T0032,P0771,D024,individual,1880.28,3478.45,2024-10-05,Tyler Vance,"Producer, television/film/video",,
T0033,P0046,D038,pressure,2012.41,1433.61,2025-05-26,Patricia Norman,"Psychologist, forensic",,
T0034,P0823,D034,sound,619.85,4576.33,2024-12-23,Vanessa Stewart,"Designer, jewellery",,
T0035,P0331,D040,dinner,3385.19,4273.47,2024-11-24,Lisa Gray,Health visitor,,
T0036,P0216,D047,parent,1515.31,2619.88,2025-06-08,Tracey Reeves,Multimedia programmer,,
T0037,P0982,D015,our,2969.46,2350.17,2025-03-15,Jeffrey Alvarez,Advertising copywriter,,
T0038,P0960,D011,ever,2997.62,1564.56,2025-06-11,Amy Carter,Copy,,
T0039,P0492,D022,today,3624.08,3784.97,2024-10-14,Brandon Byrd,"Education officer, museum",,
T0040,P0813,D024,far,3751.68,1092.85,2025-07-16,Tyler Vance,"Producer, television/film/video",,
T0041,P0922,D001,religious,2620.82,3561.07,2025-01-13,Cheyenne Wilson,Drilling engineer,,
T0042,P0845,D018,realize,1721.86,4291.06,2024-08-22,Claudia Robinson,Advertising art director,,
T0043,P0449,D044,garden,4203.51,1528.12,2024-11-15,Mr. James Schwartz DVM,Research scientist (life sciences),,
T0044,P0536,D012,arm,1618.34,4398.92,2024-10-26,Cynthia Rodriguez,Automotive engineer,,
T0045,P0511,D043,teacher,2586.79,649.95,2025-03-23,Sara Boyd MD,Immigration officer,,
T0046,P0458,D028,religious,2066.14,4607.54,2024-12-24,Robert Williams,Customer service manager,,
T0047,P0547,D040,another,4289.88,1032.63,2025-05-26,Lisa Gray,Health visitor,,
T0048,P0536,D007,customer,2216.4,3405.92,2024-10-23,Jonathon Brown,Landscape architect,,
T0049,P0540,D023,have,1991.89,1625.37,2025-02-14,Ryan Jones,Historic buildings inspector/conservation officer,,
T0050,P0484,D021,behavior,3480.14,4264.49,2025-07-01,Laura Davidson,Community development worker,,
T0051,P0976,D034,building,3051.96,2805.35,2025-04-18,Vanessa Stewart,"Designer, jewellery",,
T0052,P1000,D011,or,625.51,1108.59,2025-02-27,Amy Carter,Copy,,
T0053,P0016,D022,line,2590.03,3069.46,2025-06-27,Brandon Byrd,"Education officer, museum",,
T0054,P0571,D042,wear,3703.84,2335.47,2024-12-26,Brooke Levine,Retail buyer,,
T0055,P0977,D035,still,4961.17,3476.52,2024-09-28,Amy Welch,Educational psychologist,,
T0056,P0243,D029,will,3182.82,4468.56,2024-11-26,Clinton Schmidt,Forensic scientist,,
T0057,P0950,D042,second,1914.44,2342.25,2025-04-30,Brooke Levine,Retail buyer,,
T0058,P0207,D028,campaign,1208.14,1804.46,2024-09-07,Robert Williams,Customer service manager,,
T0059,P0912,D018,since,4376.87,565.32,2024-12-12,Claudia Robinson,Advertising art director,,
T0060,P0271,D014,include,4091.37,3086.78,2025-04-10,Antonio Stone,Nutritional therapist,,
T0061,P0761,D018,member,1246.22,2310.24,2024-08-14,Claudia Robinson,Advertising art director,,
T0062,P0994,D028,shake,1083.1,2185.92,2025-05-14,Robert Williams,Customer service manager,,
T0063,P0779,D024,else,3604.17,1323.21,2024-09-10,Tyler Vance,"Producer, television/film/video",,
T0064,P0705,D008,thank,1643.27,2435.25,2024-12-08,Dana Martinez,English as a second language teacher,,
T0065,P0847,D042,fight,1601.35,4929.99,2025-05-05,Brooke Levine,Retail buyer,,
T0066,P0730,D045,western,846.22,1839.89,2025-08-05,Angela Douglas,"Nurse, mental health",,
T0067,P0115,D008,use,1393.48,3198.67,2024-11-26,Dana Martinez,English as a second language teacher,,
T0068,P0580,D004,long,2194.79,3994.19,2025-06-09,Crystal West,Patent examiner,,
T0069,P0299,D027,discover,3690.91,3871.21,2025-01-29,Adam Williams,"Programmer, multimedia",,
T0070,P0837,D036,court,1747.91,1979.48,2025-05-09,Timothy Compton,Armed forces operational officer,,
T0071,P0483,D005,western,1710.16,3248.87,2025-02-14,Jennifer Smith,Tour manager,,
T0072,P0397,D033,try,1496.07,4420.69,2024-09-16,Jennifer Juarez,"Scientist, research (maths)",,
T0073,P0394,D049,dream,2443.59,569.51,2025-08-06,Alicia Dunn,Chemical engineer,,
T0074,P0075,D034,claim,985.12,2460.8,2025-01-03,Vanessa Stewart,"Designer, jewellery",,
T0075,P0978,D030,line,2479.59,1509.23,2025-07-18,Stanley Gardner,Logistics and distribution manager,,
T0076,P0482,D008,ago,3550.46,2248.85,2024-11-20,Dana Martinez,English as a second language teacher,,
T0077,P0103,D039,whatever,245.97,2371.95,2025-08-12,Gabriel Stone,Medical sales representative,,
T0078,P0297,D047,whole,147.92,3860.02,2025-05-26,Tracey Reeves,Multimedia programmer,,
T0079,P0178,D026,structure,468.1,922.2,2025-03-27,Morgan Collins,"Education officer, museum",,
T0080,P0215,D037,according,2724.73,2806.63,2024-10-29,Aaron Lyons DDS,Sub,,
T0081,P0967,D034,history,4286.83,3038.88,2024-12-21,Vanessa Stewart,"Designer, jewellery",,
T0082,P0315,D007,during,123.93,2723.71,2024-11-18,Jonathon Brown,Landscape architect,,
T0083,P0039,D040,represent,4689.64,3793.43,2025-01-03,Lisa Gray,Health visitor,,
T0084,P0259,D028,real,620.76,2227.06,2025-01-11,Robert Williams,Customer service manager,,
T0085,P0716,D039,skin,4225.72,4752.35,2025-04-27,Gabriel Stone,Medical sales representative,,
T0086,P0007,D039,hour,2465.99,2668.12,2025-07-17,Gabriel Stone,Medical sales representative,,
T0087,P0049,D028,wonder,3330.85,3070.46,2025-06-26,Robert Williams,Customer service manager,,
T0088,P0538,D014,assume,2602.35,4214.89,2025-07-24,Antonio Stone,Nutritional therapist,,
T0089,P0161,D050,anyone,2437.54,1738.56,2024-11-27,Erin Schwartz,"Research officer, trade union",,
T0090,P0869,D038,she,4191.01,838.41,2024-11-14,Patricia Norman,"Psychologist, forensic",,
T0091,P0176,D004,herself,3803.84,3685.03,2024-11-08,Crystal West,Patent examiner,,
T0092,P0591,D042,character,2468.67,2673.55,2025-01-18,Brooke Levine,Retail buyer,,
T0093,P0002,D018,present,647.02,4534.27,2025-05-04,Claudia Robinson,Advertising art director,,
T0094,P0895,D044,worry,665.47,4922.06,2024-08-22,Mr. James Schwartz DVM,Research scientist (life sciences),,
T0095,P0455,D048,college,4027.54,2295.99,2025-07-14,Dennis Fields,Advertising art director,,
T0096,P0928,D025,its,2694.01,2369.48,2024-11-29,Cody Murphy,"Teacher, adult education",,
T0097,P0644,D007,idea,2459.79,2335.83,2025-06-17,Jonathon Brown,Landscape architect,,
T0098,P0276,D038,television,3434.78,1960.49,2024-10-26,Patricia Norman,"Psychologist, forensic",,
T0099,P0498,D028,him,4308.32,4017.59,2025-07-08,Robert Williams,Customer service manager,,
T0100,P0629,D005,among,3181.48,3915.48,2024-12-09,Jennifer Smith,Tour manager,,
T0101,P0676,D003,born,3837.95,2653.9,2024-09-15,Daniel Frye,Metallurgist,,
T0102,P0800,D044,quality,3849.83,700.98,2025-05-08,Mr. James Schwartz DVM,Research scientist (life sciences),,
T0103,P0028,D031,its,1845.68,1893.02,2025-03-07,Colleen Burton,"Accountant, chartered public finance",,
T0104,P0333,D047,where,1443.01,1815.36,2025-02-09,Tracey Reeves,Multimedia programmer,,
T0105,P0001,D042,teach,4025.7,4149.89,2024-12-12,Brooke Levine,Retail buyer,,
T0106,P0188,D020,traditional,1948.18,894.09,2025-06-22,Edward Rocha,Surgeon,,
T0107,P0056,D019,clear,4526.35,4125.54,2024-12-31,Tyler Mckenzie,"Surveyor, building",,
T0108,P0547,D048,real,441.48,3511.33,2024-09-17,Dennis Fields,Advertising art director,,
T0109,P0112,D011,teach,385.27,3795.99,2025-06-29,Amy Carter,Copy,,
T0110,P0798,D040,thing,4642.32,2444.96,2025-03-23,Lisa Gray,Health visitor,,
T0111,P0310,D003,cup,3277.43,3558.77,2024-08-13,Daniel Frye,Metallurgist,,
T0112,P0036,D023,level,1960.04,3240.63,2025-04-28,Ryan Jones,Historic buildings inspector/conservation officer,,
T0113,P0439,D007,nice,3799.8,3960.41,2025-02-22,Jonathon Brown,Landscape architect,,
T0114,P0729,D023,why,3394.4,2510.46,2024-12-23,Ryan Jones,Historic buildings inspector/conservation officer,,
T0115,P0592,D007,recent,2702.89,2627.72,2024-11-27,Jonathon Brown,Landscape architect,,
T0116,P0826,D046,also,584.48,3396.09,2025-05-28,James Salas,Photographer,,
T0117,P0595,D034,ahead,4079.68,986.35,2024-11-20,Vanessa Stewart,"Designer, jewellery",,
T0118,P0577,D042,position,4343.51,2463.1,2025-05-14,Brooke Levine,Retail buyer,,
T0119,P0325,D019,skill,943.63,4873.78,2025-03-11,Tyler Mckenzie,"Surveyor, building",,
T0120,P0640,D009,cover,4267.51,668.99,2024-10-13,Glenn Scott,"Nurse, adult",,
T0121,P0307,D048,pattern,4401.45,1922.02,2024-10-12,Dennis Fields,Advertising art director,,
T0122,P0534,D018,thing,2792.2,1913.49,2025-07-21,Claudia Robinson,Advertising art director,,
T0123,P0728,D041,imagine,3315.28,3350.59,2025-07-10,Ethan Ortiz,"Radiographer, diagnostic",,
T0124,P0619,D048,trip,1972.96,976.1,2025-07-13,Dennis Fields,Advertising art director,,
T0125,P0109,D045,specific,1480.78,3328.45,2025-01-13,Angela Douglas,"Nurse, mental health",,
T0126,P0372,D042,health,3637.72,927.68,2025-02-15,Brooke Levine,Retail buyer,,
T0127,P0357,D025,professional,4323.19,927.29,2024-11-30,Cody Murphy,"Teacher, adult education",,
T0128,P0181,D014,out,3304.98,3776.83,2025-03-30,Antonio Stone,Nutritional therapist,,
T0129,P0356,D044,set,2606.79,1958.61,2025-07-28,Mr. James Schwartz DVM,Research scientist (life sciences),,
T0130,P0676,D025,create,878.73,4898.4,2024-12-08,Cody Murphy,"Teacher, adult education",,
T0131,P0068,D019,ok,361.95,668.09,2025-05-20,Tyler Mckenzie,"Surveyor, building",,
T0132,P0292,D039,table,2283.89,2502.98,2024-10-13,Gabriel Stone,Medical sales representative,,
T0133,P0692,D015,exactly,341.81,1009.11,2025-01-08,Jeffrey Alvarez,Advertising copywriter,,
T0134,P0181,D016,rate,2889.74,2081.21,2024-11-09,Lisa Henry,Secretary/administrator,,
T0135,P0466,D027,people,1975.37,4992.0,2025-07-06,Adam Williams,"Programmer, multimedia",,
T0136,P0434,D040,bank,3810.23,4499.79,2025-05-21,Lisa Gray,Health visitor,,
T0137,P0464,D010,hear,1597.68,717.46,2024-09-25,Mariah Carter,Financial manager,,
T0138,P0681,D004,culture,3005.62,3034.65,2025-02-14,Crystal West,Patent examiner,,
T0139,P0914,D019,attorney,2734.65,3415.2,2025-07-12,Tyler Mckenzie,"Surveyor, building",,
T0140,P0534,D028,general,123.09,1442.91,2025-01-14,Robert Williams,Customer service manager,,
T0141,P0066,D021,age,454.71,1152.98,2025-01-04,Laura Davidson,Community development worker,,
T0142,P0021,D047,talk,1522.8,4569.72,2025-03-02,Tracey Reeves,Multimedia programmer,,
T0143,P0612,D014,writer,4422.95,4859.67,2025-07-13,Antonio Stone,Nutritional therapist,,
T0144,P0384,D033,sure,820.37,4963.52,2024-12-12,Jennifer Juarez,"Scientist, research (maths)",,
T0145,P0812,D048,local,3583.38,4053.93,2025-06-07,Dennis Fields,Advertising art director,,
T0146,P0615,D010,story,4869.5,3485.76,2025-06-21,Mariah Carter,Financial manager,,
T0147,P0559,D019,ok,3973.78,2055.79,2024-08-19,Tyler Mckenzie,"Surveyor, building",,
T0148,P0039,D030,both,1290.43,1271.29,2025-06-29,Stanley Gardner,Logistics and distribution manager,,
T0149,P0285,D022,one,4550.99,855.41,2024-11-20,Brandon Byrd,"Education officer, museum",,
T0150,P0822,D003,light,556.23,3619.84,2025-07-09,Daniel Frye,Metallurgist,,
T0151,P0602,D037,how,2393.9,4031.26,2024-11-27,Aaron Lyons DDS,Sub,,
T0152,P0597,D041,issue,4448.96,4219.04,2025-04-24,Ethan Ortiz,"Radiographer, diagnostic",,
T0153,P0785,D018,general,3242.2,4611.94,2025-04-14,Claudia Robinson,Advertising art director,,
T0154,P0336,D011,choose,2126.86,4459.68,2025-04-12,Amy Carter,Copy,,
T0155,P0188,D048,total,1534.78,4998.84,2025-05-19,Dennis Fields,Advertising art director,,
T0156,P0671,D002,suddenly,1937.99,1598.29,2024-11-04,Taylor Potts,Pharmacologist,,
T0157,P0243,D012,back,2593.81,3934.88,2024-08-17,Cynthia Rodriguez,Automotive engineer,,
T0158,P0073,D006,can,1663.32,3139.07,2024-11-20,John Morales,"Scientist, clinical (histocompatibility and immunogenetics)",,
T0159,P0479,D043,sign,4847.94,1675.6,2024-10-06,Sara Boyd MD,Immigration officer,,
T0160,P0974,D040,begin,4672.08,4918.57,2024-09-24,Lisa Gray,Health visitor,,
T0161,P0561,D044,pressure,4366.29,4540.54,2024-11-02,Mr. James Schwartz DVM,Research scientist (life sciences),,
T0162,P0101,D029,guy,2166.97,1078.32,2025-01-08,Clinton Schmidt,Forensic scientist,,
T0163,P0514,D030,from,3487.38,617.71,2024-09-09,Stanley Gardner,Logistics and distribution manager,,
T0164,P0756,D002,soldier,4523.86,3597.49,2025-04-18,Taylor Potts,Pharmacologist,,
T0165,P0176,D009,case,4267.1,3218.59,2025-07-04,Glenn Scott,"Nurse, adult",,
T0166,P0238,D047,each,2130.2,4711.17,2024-10-16,Tracey Reeves,Multimedia programmer,,
T0167,P0910,D002,leader,650.69,1553.02,2025-06-25,Taylor Potts,Pharmacologist,,
T0168,P0059,D029,two,470.59,879.75,2025-05-04,Clinton Schmidt,Forensic scientist,,
T0169,P0865,D033,huge,2927.61,1666.47,2024-11-05,Jennifer Juarez,"Scientist, research (maths)",,
T0170,P0099,D010,show,3248.88,585.17,2025-04-16,Mariah Carter,Financial manager,,
T0171,P0954,D034,war,4264.23,661.52,2025-07-28,Vanessa Stewart,"Designer, jewellery",,
T0172,P0871,D044,we,1533.32,4616.86,2025-03-24,Mr. James Schwartz DVM,Research scientist (life sciences),,
T0173,P0954,D008,ground,920.61,2084.07,2025-04-10,Dana Martinez,English as a second language teacher,,
T0174,P0495,D037,Congress,1957.13,2348.64,2025-04-22,Aaron Lyons DDS,Sub,,
T0175,P0947,D033,just,1832.52,582.67,2025-06-16,Jennifer Juarez,"Scientist, research (maths)",,
T0176,P0980,D047,across,749.1,1717.35,2024-11-30,Tracey Reeves,Multimedia programmer,,
T0177,P0514,D006,national,3394.18,4121.27,2024-09-04,John Morales,"Scientist, clinical (histocompatibility and immunogenetics)",,
T0178,P0755,D044,play,2592.59,3269.71,2024-12-12,Mr. James Schwartz DVM,Research scientist (life sciences),,
T0179,P0297,D040,war,3633.5,3892.01,2024-10-04,Lisa Gray,Health visitor,,
T0180,P0211,D045,huge,1828.19,2512.46,2024-10-26,Angela Douglas,"Nurse, mental health",,
T0181,P0123,D019,staff,1695.94,1893.78,2025-05-12,Tyler Mckenzie,"Surveyor, building",,
T0182,P0229,D032,training,2415.62,2672.65,2025-06-06,Stephen Brown,Accommodation manager,,
T0183,P0594,D027,every,4399.3,1953.82,2025-01-09,Adam Williams,"Programmer, multimedia",,
T0184,P0656,D001,brother,297.38,4275.37,2024-08-25,Cheyenne Wilson,Drilling engineer,,
T0185,P0388,D043,reveal,4043.68,1839.53,2024-12-29,Sara Boyd MD,Immigration officer,,
T0186,P0140,D033,black,1908.04,3468.94,2025-07-23,Jennifer Juarez,"Scientist, research (maths)",,
T0187,P0541,D040,alone,4287.63,1116.42,2025-04-25,Lisa Gray,Health visitor,,
T0188,P0391,D032,figure,4030.79,3590.9,2025-07-05,Stephen Brown,Accommodation manager,,
T0189,P0270,D005,a,1808.93,4609.85,2025-03-07,Jennifer Smith,Tour manager,,
T0190,P0759,D017,throughout,3500.0,3238.62,2025-01-30,Danielle Obrien,Counsellor,,
T0191,P0012,D008,determine,882.2,3019.35,2024-09-21,Dana Martinez,English as a second language teacher,,
T0192,P0867,D042,film,4491.78,4825.03,2025-04-24,Brooke Levine,Retail buyer,,
T0193,P0389,D034,bank,2082.01,3323.28,2024-12-18,Vanessa Stewart,"Designer, jewellery",,
T0194,P0337,D009,radio,2332.57,1667.98,2024-11-14,Glenn Scott,"Nurse, adult",,
T0195,P0506,D023,fill,3558.22,1815.76,2025-03-24,Ryan Jones,Historic buildings inspector/conservation officer,,
T0196,P0106,D035,those,4122.12,3673.88,2024-12-28,Amy Welch,Educational psychologist,,
T0197,P0032,D050,heart,1258.08,3809.46,2025-02-23,Erin Schwartz,"Research officer, trade union",,
T0198,P0074,D007,case,3340.62,1865.73,2025-05-01,Jonathon Brown,Landscape architect,,
T0199,P0171,D015,itself,2020.79,2054.05,2025-03-25,Jeffrey Alvarez,Advertising copywriter,,
T0200,P0849,D020,law,1906.64,4959.75,2024-11-17,Edward Rocha,Surgeon,,
T0201,P0069,D050,happen,3481.13,958.79,2025-02-27,Erin Schwartz,"Research officer, trade union",,
T0202,P0813,D025,there,1997.2,2320.9,2024-10-05,Cody Murphy,"Teacher, adult education",,
T0203,P0362,D003,plant,1795.93,781.01,2024-08-16,Daniel Frye,Metallurgist,,
T0204,P0649,D046,tend,4195.85,4194.85,2025-05-15,James Salas,Photographer,,
T0205,P0433,D024,everything,596.25,915.56,2025-05-09,Tyler Vance,"Producer, television/film/video",,
T0206,P0929,D034,born,3411.87,3533.03,2025-06-13,Vanessa Stewart,"Designer, jewellery",,
T0207,P0996,D046,cause,1318.75,754.18,2024-09-25,James Salas,Photographer,,
T0208,P0100,D022,their,175.94,3527.85,2025-02-17,Brandon Byrd,"Education officer, museum",,
T0209,P0658,D011,professor,917.14,4293.67,2025-01-22,Amy Carter,Copy,,
T0210,P0009,D048,rest,3072.64,2294.7,2024-12-22,Dennis Fields,Advertising art director,,
T0211,P0574,D008,usually,3574.72,2849.57,2024-10-11,Dana Martinez,English as a second language teacher,,
T0212,P0697,D039,gun,203.18,2306.94,2025-06-22,Gabriel Stone,Medical sales representative,,
T0213,P0029,D043,visit,278.48,1852.2,2025-01-12,Sara Boyd MD,Immigration officer,,
T0214,P0893,D035,both,4522.46,4114.69,2025-07-04,Amy Welch,Educational psychologist,,
T0215,P0114,D049,service,459.2,1724.01,2024-12-07,Alicia Dunn,Chemical engineer,,
T0216,P0462,D046,both,4481.49,3753.25,2025-05-02,James Salas,Photographer,,
T0217,P0921,D038,agree,1218.01,1427.89,2025-05-13,Patricia Norman,"Psychologist, forensic",,
T0218,P0143,D008,activity,3726.09,1624.34,2025-07-26,Dana Martinez,English as a second language teacher,,
T0219,P0390,D037,six,1617.69,2014.08,2025-06-19,Aaron Lyons DDS,Sub,,
T0220,P0632,D027,billion,4307.88,3151.2,2025-07-04,Adam Williams,"Programmer, multimedia",,
T0221,P0682,D028,late,3532.23,2544.9,2025-01-14,Robert Williams,Customer service manager,,
T0222,P0157,D040,turn,2068.89,3853.15,2024-11-08,Lisa Gray,Health visitor,,
T0223,P0335,D034,sometimes,473.88,1461.05,2024-11-20,Vanessa Stewart,"Designer, jewellery",,
T0224,P0861,D032,after,3690.23,548.03,2025-04-07,Stephen Brown,Accommodation manager,,
T0225,P0260,D015,early,3122.74,3994.51,2024-12-30,Jeffrey Alvarez,Advertising copywriter,,
T0226,P0082,D044,writer,114.27,4197.42,2025-03-07,Mr. James Schwartz DVM,Research scientist (life sciences),,
T0227,P0754,D017,summer,146.16,767.66,2025-08-12,Danielle Obrien,Counsellor,,
T0228,P0441,D033,up,4063.09,3249.08,2025-07-05,Jennifer Juarez,"Scientist, research (maths)",,
T0229,P0945,D047,end,1371.06,2201.93,2025-04-24,Tracey Reeves,Multimedia programmer,,
T0230,P0172,D046,operation,3217.05,4072.53,2025-06-21,James Salas,Photographer,,
T0231,P0231,D016,whether,2325.65,4434.87,2025-01-22,Lisa Henry,Secretary/administrator,,
T0232,P0720,D029,owner,4330.81,4329.52,2025-01-09,Clinton Schmidt,Forensic scientist,,
T0233,P0075,D009,he,4593.11,3997.42,2025-05-26,Glenn Scott,"Nurse, adult",,
T0234,P0270,D033,may,4984.36,1710.74,2025-07-27,Jennifer Juarez,"Scientist, research (maths)",,
T0235,P0899,D049,argue,853.05,4153.5,2025-02-16,Alicia Dunn,Chemical engineer,,
T0236,P0626,D029,a,4328.52,2900.65,2025-03-03,Clinton Schmidt,Forensic scientist,,
T0237,P0062,D013,hit,1403.5,737.4,2024-08-16,Anthony Miller,Dentist,,
T0238,P0874,D021,claim,2995.0,2556.22,2025-06-15,Laura Davidson,Community development worker,,
T0239,P0320,D021,reveal,2578.29,4739.71,2025-07-04,Laura Davidson,Community development worker,,
T0240,P0102,D005,report,188.14,4495.37,2024-08-31,Jennifer Smith,Tour manager,,
T0241,P0429,D010,education,4670.58,960.19,2024-12-27,Mariah Carter,Financial manager,,
T0242,P0874,D006,including,483.8,3848.57,2025-07-07,John Morales,"Scientist, clinical (histocompatibility and immunogenetics)",,
T0243,P0722,D013,a,3472.27,4126.07,2025-01-28,Anthony Miller,Dentist,,
T0244,P0954,D001,including,3946.53,1721.25,2025-06-21,Cheyenne Wilson,Drilling engineer,,
T0245,P0255,D020,population,3996.91,2622.24,2024-09-05,Edward Rocha,Surgeon,,
T0246,P0532,D047,pick,763.92,3699.45,2025-06-04,Tracey Reeves,Multimedia programmer,,
T0247,P0570,D046,worker,2293.09,2475.69,2025-05-06,James Salas,Photographer,,
T0248,P0112,D008,policy,4164.2,1007.59,2025-06-29,Dana Martinez,English as a second language teacher,,
T0249,P0985,D010,message,1583.13,3676.47,2024-11-13,Mariah Carter,Financial manager,,
T0250,P0313,D009,case,2391.97,4602.37,2025-07-09,Glenn Scott,"Nurse, adult",,
T0251,P0998,D049,seek,1436.69,3436.18,2024-08-17,Alicia Dunn,Chemical engineer,,
T0252,P0461,D041,challenge,2371.4,3982.1,2025-02-24,Ethan Ortiz,"Radiographer, diagnostic",,
T0253,P0708,D003,professor,4450.41,2112.63,2025-02-05,Daniel Frye,Metallurgist,,
T0254,P0887,D011,phone,2330.11,1324.39,2024-08-26,Amy Carter,Copy,,
T0255,P0462,D012,tend,2823.97,3392.48,2025-06-05,Cynthia Rodriguez,Automotive engineer,,
T0256,P0865,D010,common,2079.48,1974.97,2025-03-09,Mariah Carter,Financial manager,,
T0257,P0092,D025,those,2354.57,4370.33,2025-02-11,Cody Murphy,"Teacher, adult education",,
T0258,P0052,D049,board,174.35,1051.83,2025-05-20,Alicia Dunn,Chemical engineer,,
T0259,P0805,D049,race,1490.35,2450.59,2024-10-29,Alicia Dunn,Chemical engineer,,
T0260,P0520,D025,billion,2239.25,2285.27,2025-02-20,Cody Murphy,"Teacher, adult education",,
T0261,P0812,D011,may,3205.61,4721.24,2025-04-26,Amy Carter,Copy,,
T0262,P0098,D036,fly,2305.25,1189.11,2024-10-02,Timothy Compton,Armed forces operational officer,,
T0263,P0236,D039,live,1755.3,544.31,2025-08-06,Gabriel Stone,Medical sales representative,,
T0264,P0901,D026,expert,2001.68,1571.38,2025-02-11,Morgan Collins,"Education officer, museum",,
T0265,P0374,D014,effort,1287.24,4191.25,2025-05-08,Antonio Stone,Nutritional therapist,,
T0266,P0581,D039,think,4630.02,1441.95,2024-08-17,Gabriel Stone,Medical sales representative,,
T0267,P0927,D040,raise,2656.54,1583.95,2024-12-11,Lisa Gray,Health visitor,,
T0268,P0557,D001,idea,165.71,1084.54,2024-11-16,Cheyenne Wilson,Drilling engineer,,
T0269,P0649,D004,feeling,195.29,3719.46,2025-01-24,Crystal West,Patent examiner,,
T0270,P0234,D030,both,4867.51,811.28,2024-09-16,Stanley Gardner,Logistics and distribution manager,,
T0271,P0032,D012,find,1185.11,1990.44,2024-11-29,Cynthia Rodriguez,Automotive engineer,,
T0272,P0289,D035,address,4047.48,1771.24,2025-03-02,Amy Welch,Educational psychologist,,
T0273,P0638,D013,single,385.55,2998.22,2024-08-22,Anthony Miller,Dentist,,
T0274,P0579,D031,animal,4613.7,3786.87,2024-10-30,Colleen Burton,"Accountant, chartered public finance",,
T0275,P0542,D038,myself,4384.64,2897.94,2024-11-14,Patricia Norman,"Psychologist, forensic",,
T0276,P0114,D043,officer,2898.36,4689.62,2024-12-11,Sara Boyd MD,Immigration officer,,
T0277,P0204,D023,speech,144.09,4781.49,2025-07-25,Ryan Jones,Historic buildings inspector/conservation officer,,
T0278,P0029,D004,I,1363.27,2126.59,2025-01-08,Crystal West,Patent examiner,,
T0279,P0643,D016,environment,2093.43,3999.56,2024-11-09,Lisa Henry,Secretary/administrator,,
T0280,P0474,D007,provide,2354.31,3824.61,2025-03-24,Jonathon Brown,Landscape architect,,
T0281,P0697,D022,art,1558.63,4518.34,2024-09-19,Brandon Byrd,"Education officer, museum",,
T0282,P0253,D029,north,261.44,2515.75,2025-05-24,Clinton Schmidt,Forensic scientist,,
T0283,P0798,D011,effort,2991.62,2887.13,2025-05-26,Amy Carter,Copy,,
T0284,P0905,D033,conference,2668.36,2370.98,2024-11-22,Jennifer Juarez,"Scientist, research (maths)",,
T0285,P0922,D029,what,1486.7,4326.7,2024-10-22,Clinton Schmidt,Forensic scientist,,
T0286,P0386,D039,idea,286.08,1533.66,2025-04-20,Gabriel Stone,Medical sales representative,,
T0287,P0062,D012,own,4973.51,1578.69,2024-12-16,Cynthia Rodriguez,Automotive engineer,,
T0288,P0515,D007,care,2461.73,2176.72,2025-03-02,Jonathon Brown,Landscape architect,,
T0289,P0430,D039,guess,3804.42,1536.54,2025-01-16,Gabriel Stone,Medical sales representative,,
T0290,P0580,D042,follow,2316.34,3024.53,2024-08-29,Brooke Levine,Retail buyer,,
T0291,P0537,D048,loss,311.53,1105.21,2025-08-08,Dennis Fields,Advertising art director,,
T0292,P0691,D026,unit,1617.04,1940.84,2025-02-13,Morgan Collins,"Education officer, museum",,
T0293,P0141,D040,want,1668.54,4610.5,2024-09-16,Lisa Gray,Health visitor,,
T0294,P0743,D009,true,4207.93,2341.51,2025-03-13,Glenn Scott,"Nurse, adult",,
T0295,P0300,D041,challenge,3305.73,3867.05,2025-05-02,Ethan Ortiz,"Radiographer, diagnostic",,
T0296,P0675,D034,gun,1449.61,1010.58,2025-02-16,Vanessa Stewart,"Designer, jewellery",,
T0297,P0311,D045,manage,4841.93,1614.04,2025-01-13,Angela Douglas,"Nurse, mental health",,
T0298,P0471,D013,force,1675.55,4133.06,2025-08-04,Anthony Miller,Dentist,,
T0299,P0393,D036,member,4991.35,3933.47,2025-03-25,Timothy Compton,Armed forces operational officer,,
T0300,P0642,D025,along,4981.2,2237.7,2024-09-18,Cody Murphy,"Teacher, adult education",,
T0301,P0445,D024,officer,1036.93,4794.79,2024-10-08,Tyler Vance,"Producer, television/film/video",,
T0302,P0758,D044,chair,1632.43,4597.89,2025-01-05,Mr. James Schwartz DVM,Research scientist (life sciences),,
T0303,P0809,D017,clearly,2481.62,4830.35,2024-11-11,Danielle Obrien,Counsellor,,
T0304,P0172,D002,yet,3354.09,2425.62,2024-12-17,Taylor Potts,Pharmacologist,,
T0305,P0576,D013,institution,2687.43,1388.63,2025-04-21,Anthony Miller,Dentist,,
T0306,P0031,D031,sure,4850.26,3319.96,2025-01-18,Colleen Burton,"Accountant, chartered public finance",,
T0307,P0047,D029,sometimes,3647.55,3581.48,2025-04-27,Clinton Schmidt,Forensic scientist,,
T0308,P0130,D050,fund,1139.02,1064.49,2024-11-16,Erin Schwartz,"Research officer, trade union",,
T0309,P0352,D028,hundred,614.98,4039.17,2025-08-08,Robert Williams,Customer service manager,,
T0310,P0978,D027,military,3473.17,581.27,2025-07-18,Adam Williams,"Programmer, multimedia",,
T0311,P0845,D015,cost,876.42,2672.28,2024-12-27,Jeffrey Alvarez,Advertising copywriter,,
T0312,P0622,D031,coach,3959.62,1989.57,2024-10-10,Colleen Burton,"Accountant, chartered public finance",,
T0313,P0581,D040,throughout,1624.08,3831.36,2024-12-04,Lisa Gray,Health visitor,,
T0314,P0058,D015,so,1701.78,1907.42,2025-06-06,Jeffrey Alvarez,Advertising copywriter,,
T0315,P0106,D033,record,152.91,4220.63,2025-04-18,Jennifer Juarez,"Scientist, research (maths)",,
T0316,P0812,D020,enter,3534.96,3177.29,2024-11-06,Edward Rocha,Surgeon,,
T0317,P0330,D042,fill,655.02,4072.52,2025-07-31,Brooke Levine,Retail buyer,,
T0318,P0768,D012,trial,3887.11,4952.03,2025-04-19,Cynthia Rodriguez,Automotive engineer,,
T0319,P0824,D037,yard,2510.15,3556.21,2024-11-26,Aaron Lyons DDS,Sub,,
T0320,P0683,D009,a,3942.97,4932.28,2024-12-26,Glenn Scott,"Nurse, adult",,
T0321,P0383,D023,exist,2961.24,629.76,2024-11-27,Ryan Jones,Historic buildings inspector/conservation officer,,
T0322,P0985,D008,front,503.92,2021.63,2024-10-19,Dana Martinez,English as a second language teacher,,
T0323,P0162,D032,have,3851.7,985.34,2024-08-19,Stephen Brown,Accommodation manager,,
T0324,P0997,D048,join,442.02,1680.37,2025-05-16,Dennis Fields,Advertising art director,,
T0325,P0286,D014,local,2445.64,4275.0,2025-05-22,Antonio Stone,Nutritional therapist,,
T0326,P0071,D027,politics,944.51,645.45,2025-03-17,Adam Williams,"Programmer, multimedia",,
T0327,P0767,D025,wide,3786.44,2840.82,2024-11-09,Cody Murphy,"Teacher, adult education",,
T0328,P0454,D013,cell,4566.8,3052.08,2025-06-17,Anthony Miller,Dentist,,
T0329,P0886,D021,wide,2815.22,3025.18,2025-07-12,Laura Davidson,Community development worker,,
T0330,P0567,D045,country,2683.02,2638.84,2025-05-27,Angela Douglas,"Nurse, mental health",,
T0331,P0835,D031,popular,3843.42,4057.71,2025-02-16,Colleen Burton,"Accountant, chartered public finance",,
T0332,P0397,D037,voice,124.89,1100.94,2025-06-18,Aaron Lyons DDS,Sub,,
T0333,P0515,D048,ability,4597.02,1897.6,2025-02-03,Dennis Fields,Advertising art director,,
T0334,P0026,D043,soon,1067.5,3270.77,2024-12-26,Sara Boyd MD,Immigration officer,,
T0335,P0313,D005,man,4922.18,3609.28,2025-07-11,Jennifer Smith,Tour manager,,
T0336,P0126,D013,individual,3707.64,2318.67,2025-01-29,Anthony Miller,Dentist,,
T0337,P0408,D028,best,3893.83,4439.17,2024-11-03,Robert Williams,Customer service manager,,
T0338,P0565,D043,show,3315.39,2369.72,2025-03-05,Sara Boyd MD,Immigration officer,,
T0339,P0198,D025,minute,2411.15,2312.49,2024-10-08,Cody Murphy,"Teacher, adult education",,
T0340,P0811,D035,color,2900.98,662.93,2024-09-11,Amy Welch,Educational psychologist,,
T0341,P0188,D047,yeah,327.37,2980.14,2025-06-09,Tracey Reeves,Multimedia programmer,,
T0342,P0698,D039,more,3157.4,3689.06,2024-10-14,Gabriel Stone,Medical sales representative,,
T0343,P0817,D007,author,3167.88,1014.97,2025-02-19,Jonathon Brown,Landscape architect,,
T0344,P0810,D038,bad,4466.88,1874.45,2025-01-18,Patricia Norman,"Psychologist, forensic",,
T0345,P0716,D032,happy,2577.72,4015.66,2025-07-14,Stephen Brown,Accommodation manager,,
T0346,P0484,D003,news,478.01,2146.64,2025-07-03,Daniel Frye,Metallurgist,,
T0347,P0450,D045,dinner,1600.36,1587.21,2025-01-04,Angela Douglas,"Nurse, mental health",,
T0348,P0523,D039,hand,3312.58,3524.9,2025-02-18,Gabriel Stone,Medical sales representative,,
T0349,P0871,D037,federal,1272.37,1385.41,2025-01-30,Aaron Lyons DDS,Sub,,
T0350,P0354,D050,themselves,1474.59,4530.44,2025-05-30,Erin Schwartz,"Research officer, trade union",,
T0351,P0986,D022,up,4120.3,975.19,2025-03-24,Brandon Byrd,"Education officer, museum",,
T0352,P0658,D008,case,2963.17,3679.47,2025-04-07,Dana Martinez,English as a second language teacher,,
T0353,P0597,D017,finish,2591.78,2747.97,2025-06-25,Danielle Obrien,Counsellor,,
T0354,P0100,D027,important,1660.41,4414.68,2024-11-13,Adam Williams,"Programmer, multimedia",,
T0355,P0616,D033,knowledge,3681.55,1067.88,2024-11-27,Jennifer Juarez,"Scientist, research (maths)",,
T0356,P0948,D046,whether,1509.82,3550.53,2025-02-28,James Salas,Photographer,,
T0357,P0558,D017,not,3711.61,3074.25,2025-04-26,Danielle Obrien,Counsellor,,
T0358,P0556,D042,buy,443.5,2660.41,2024-11-09,Brooke Levine,Retail buyer,,
T0359,P0278,D012,skin,4336.25,2711.33,2025-07-14,Cynthia Rodriguez,Automotive engineer,,
T0360,P0693,D048,western,2547.88,3748.9,2025-05-02,Dennis Fields,Advertising art director,,
T0361,P0699,D046,spend,2248.69,4719.84,2025-07-19,James Salas,Photographer,,
T0362,P0990,D027,rate,3094.01,910.63,2025-07-31,Adam Williams,"Programmer, multimedia",,
T0363,P0626,D048,cell,3158.54,587.76,2025-06-24,Dennis Fields,Advertising art director,,
T0364,P0491,D008,including,746.97,4125.67,2024-10-18,Dana Martinez,English as a second language teacher,,
T0365,P0255,D023,director,3805.54,986.76,2025-03-11,Ryan Jones,Historic buildings inspector/conservation officer,,
T0366,P0381,D042,itself,1452.05,4940.14,2024-09-21,Brooke Levine,Retail buyer,,
T0367,P0892,D049,body,4534.31,3287.07,2024-09-24,Alicia Dunn,Chemical engineer,,
T0368,P0542,D029,firm,4107.47,3428.9,2025-06-10,Clinton Schmidt,Forensic scientist,,
T0369,P0264,D050,their,1796.7,1395.01,2024-08-24,Erin Schwartz,"Research officer, trade union",,
T0370,P0610,D020,two,4057.92,1581.41,2025-08-09,Edward Rocha,Surgeon,,
T0371,P0825,D016,say,1846.31,3467.08,2024-10-04,Lisa Henry,Secretary/administrator,,
T0372,P0879,D017,meet,594.64,4593.77,2024-08-28,Danielle Obrien,Counsellor,,
T0373,P0329,D016,catch,4813.25,4920.76,2024-11-05,Lisa Henry,Secretary/administrator,,
T0374,P0115,D019,until,3297.75,1391.14,2025-04-02,Tyler Mckenzie,"Surveyor, building",,
T0375,P0276,D008,check,2334.89,1103.54,2025-05-09,Dana Martinez,English as a second language teacher,,
T0376,P0488,D038,everybody,2049.09,753.81,2024-11-24,Patricia Norman,"Psychologist, forensic",,
T0377,P0281,D038,health,1691.06,4407.34,2025-04-15,Patricia Norman,"Psychologist, forensic",,
T0378,P0275,D029,happy,4909.09,1826.22,2024-12-16,Clinton Schmidt,Forensic scientist,,
T0379,P0773,D041,six,760.26,508.15,2025-07-21,Ethan Ortiz,"Radiographer, diagnostic",,
T0380,P0843,D036,true,1642.54,1507.18,2025-05-12,Timothy Compton,Armed forces operational officer,,
T0381,P0719,D026,standard,2478.94,2031.98,2024-09-16,Morgan Collins,"Education officer, museum",,
T0382,P0896,D031,rise,2442.2,4959.44,2025-05-07,Colleen Burton,"Accountant, chartered public finance",,
T0383,P0328,D044,decade,2409.7,2855.94,2025-07-06,Mr. James Schwartz DVM,Research scientist (life sciences),,
T0384,P0211,D012,car,961.34,1421.21,2025-05-09,Cynthia Rodriguez,Automotive engineer,,
T0385,P0727,D017,might,810.17,2006.68,2024-10-26,Danielle Obrien,Counsellor,,
T0386,P0923,D015,arrive,1348.36,1986.38,2024-10-21,Jeffrey Alvarez,Advertising copywriter,,
T0387,P0552,D009,situation,4581.18,588.77,2024-09-18,Glenn Scott,"Nurse, adult",,
T0388,P0992,D039,wide,653.96,1108.32,2025-01-23,Gabriel Stone,Medical sales representative,,
T0389,P0026,D042,every,3811.38,3628.38,2025-04-09,Brooke Levine,Retail buyer,,
T0390,P0027,D048,medical,3811.99,1041.13,2024-09-22,Dennis Fields,Advertising art director,,
T0391,P0702,D012,image,4067.87,1538.3,2024-10-16,Cynthia Rodriguez,Automotive engineer,,
T0392,P0083,D032,plant,4444.42,2078.32,2025-01-30,Stephen Brown,Accommodation manager,,
T0393,P0896,D025,course,1388.88,3909.81,2024-10-08,Cody Murphy,"Teacher, adult education",,
T0394,P0946,D039,analysis,1200.34,3120.8,2025-02-04,Gabriel Stone,Medical sales representative,,
T0395,P0682,D018,number,2380.98,3600.5,2024-11-19,Claudia Robinson,Advertising art director,,
T0396,P0413,D015,southern,1398.94,3051.56,2024-11-09,Jeffrey Alvarez,Advertising copywriter,,
T0397,P0167,D032,strategy,3698.12,3576.17,2025-05-06,Stephen Brown,Accommodation manager,,
T0398,P0700,D006,join,3216.1,512.79,2024-12-31,John Morales,"Scientist, clinical (histocompatibility and immunogenetics)",,
T0399,P0169,D044,effect,4387.44,4689.04,2024-11-01,Mr. James Schwartz DVM,Research scientist (life sciences),,
T0400,P0801,D043,detail,505.42,999.14,2024-10-30,Sara Boyd MD,Immigration officer,,
T0401,P0979,D035,physical,4583.91,2328.12,2025-08-07,Amy Welch,Educational psychologist,,
T0402,P0229,D034,artist,1537.41,3969.67,2024-12-26,Vanessa Stewart,"Designer, jewellery",,
T0403,P0979,D038,change,2504.4,2458.54,2025-02-15,Patricia Norman,"Psychologist, forensic",,
T0404,P0609,D005,series,2249.2,4760.79,2024-09-28,Jennifer Smith,Tour manager,,
T0405,P0367,D018,minute,3825.53,2604.15,2025-06-23,Claudia Robinson,Advertising art director,,
T0406,P0528,D016,determine,2159.63,4437.23,2025-02-12,Lisa Henry,Secretary/administrator,,
T0407,P0791,D008,success,4723.41,4148.73,2025-04-04,Dana Martinez,English as a second language teacher,,
T0408,P0647,D025,force,4522.42,4914.44,2024-11-02,Cody Murphy,"Teacher, adult education",,
T0409,P0538,D032,conference,4373.59,4669.47,2025-04-11,Stephen Brown,Accommodation manager,,
T0410,P0864,D026,budget,449.17,4541.56,2024-12-15,Morgan Collins,"Education officer, museum",,
T0411,P0524,D022,just,4285.86,3792.22,2025-06-18,Brandon Byrd,"Education officer, museum",,
T0412,P0072,D031,office,3930.01,2151.49,2024-09-21,Colleen Burton,"Accountant, chartered public finance",,
T0413,P0645,D043,quickly,607.21,977.56,2024-10-07,Sara Boyd MD,Immigration officer,,
T0414,P0106,D010,cause,626.33,3598.9,2024-12-24,Mariah Carter,Financial manager,,
T0415,P0732,D012,blood,595.7,4903.94,2024-08-31,Cynthia Rodriguez,Automotive engineer,,
T0416,P0885,D028,second,155.53,3769.72,2025-01-01,Robert Williams,Customer service manager,,
T0417,P0965,D006,ready,2788.31,4679.28,2024-11-01,John Morales,"Scientist, clinical (histocompatibility and immunogenetics)",,
T0418,P0689,D020,remain,4869.63,4119.37,2024-10-27,Edward Rocha,Surgeon,,
T0419,P0282,D005,everyone,2249.56,1234.02,2025-04-05,Jennifer Smith,Tour manager,,
T0420,P0133,D023,tell,2749.71,1621.42,2024-12-29,Ryan Jones,Historic buildings inspector/conservation officer,,
T0421,P0534,D009,wrong,4843.05,2038.4,2025-02-18,Glenn Scott,"Nurse, adult",,
T0422,P0975,D029,that,1350.39,1257.17,2025-07-05,Clinton Schmidt,Forensic scientist,,
T0423,P0269,D016,able,4306.5,3117.43,2024-11-30,Lisa Henry,Secretary/administrator,,
T0424,P0412,D046,become,2777.31,4889.53,2025-04-06,James Salas,Photographer,,
T0425,P0673,D022,detail,2890.43,3926.56,2025-08-04,Brandon Byrd,"Education officer, museum",,
T0426,P0619,D008,carry,1781.55,2405.24,2025-04-14,Dana Martinez,English as a second language teacher,,
T0427,P0791,D020,lead,2851.76,520.27,2025-05-19,Edward Rocha,Surgeon,,
T0428,P0865,D014,who,458.4,1909.74,2025-08-07,Antonio Stone,Nutritional therapist,,
T0429,P0747,D039,management,3846.75,2870.42,2025-05-13,Gabriel Stone,Medical sales representative,,
T0430,P0018,D037,range,1494.97,1959.13,2025-02-21,Aaron Lyons DDS,Sub,,
T0431,P0754,D050,read,4449.28,999.66,2025-04-08,Erin Schwartz,"Research officer, trade union",,
T0432,P0117,D034,glass,1902.47,2492.44,2025-01-29,Vanessa Stewart,"Designer, jewellery",,
T0433,P0798,D011,type,799.84,1639.64,2024-11-14,Amy Carter,Copy,,
T0434,P0794,D040,receive,3509.82,4591.55,2025-02-03,Lisa Gray,Health visitor,,
T0435,P0144,D033,shoulder,906.43,957.9,2025-03-05,Jennifer Juarez,"Scientist, research (maths)",,
T0436,P0717,D031,all,3793.03,721.19,2025-03-23,Colleen Burton,"Accountant, chartered public finance",,
T0437,P0551,D044,green,4843.75,523.91,2025-01-30,Mr. James Schwartz DVM,Research scientist (life sciences),,
T0438,P0929,D034,popular,3919.81,1976.31,2024-12-07,Vanessa Stewart,"Designer, jewellery",,
T0439,P0666,D050,example,210.0,3471.74,2024-12-17,Erin Schwartz,"Research officer, trade union",,
T0440,P0688,D007,visit,3039.44,3786.86,2024-09-16,Jonathon Brown,Landscape architect,,
T0441,P0961,D049,where,3507.51,2539.68,2025-04-29,Alicia Dunn,Chemical engineer,,
T0442,P0753,D023,because,4144.75,3579.48,2025-02-09,Ryan Jones,Historic buildings inspector/conservation officer,,
T0443,P0422,D046,feel,374.41,2119.61,2025-01-23,James Salas,Photographer,,
T0444,P0898,D007,direction,2452.53,3505.13,2024-08-27,Jonathon Brown,Landscape architect,,
T0445,P0369,D025,admit,2723.32,682.68,2024-08-28,Cody Murphy,"Teacher, adult education",,
T0446,P0646,D003,thank,928.71,2258.39,2024-09-18,Daniel Frye,Metallurgist,,
T0447,P0558,D038,center,1680.0,4058.82,2025-05-09,Patricia Norman,"Psychologist, forensic",,
T0448,P0050,D020,box,2257.09,4113.53,2024-10-21,Edward Rocha,Surgeon,,
T0449,P0678,D034,poor,4182.73,3722.67,2024-10-10,Vanessa Stewart,"Designer, jewellery",,
T0450,P0106,D049,simple,4654.1,1419.07,2024-08-15,Alicia Dunn,Chemical engineer,,
T0451,P0216,D044,worker,3179.27,1612.42,2025-08-07,Mr. James Schwartz DVM,Research scientist (life sciences),,
T0452,P0658,D044,night,2035.23,4982.4,2025-04-22,Mr. James Schwartz DVM,Research scientist (life sciences),,
T0453,P0923,D030,watch,1344.75,965.2,2025-06-25,Stanley Gardner,Logistics and distribution manager,,
T0454,P0425,D017,right,4912.46,1312.98,2025-01-04,Danielle Obrien,Counsellor,,
T0455,P0072,D010,fish,4916.8,1085.12,2025-06-08,Mariah Carter,Financial manager,,
T0456,P0988,D035,between,4632.39,1974.45,2025-04-18,Amy Welch,Educational psychologist,,
T0457,P0842,D020,she,3949.78,1445.79,2024-12-21,Edward Rocha,Surgeon,,
T0458,P0785,D018,tend,1696.32,2739.6,2025-05-12,Claudia Robinson,Advertising art director,,
T0459,P0759,D045,charge,4103.3,2642.09,2025-03-12,Angela Douglas,"Nurse, mental health",,
T0460,P0446,D044,these,2103.09,4556.78,2024-09-19,Mr. James Schwartz DVM,Research scientist (life sciences),,
T0461,P0925,D027,drop,1701.19,656.33,2024-10-28,Adam Williams,"Programmer, multimedia",,
T0462,P0186,D049,news,3749.84,1939.46,2025-06-13,Alicia Dunn,Chemical engineer,,
T0463,P0070,D036,half,490.3,3184.96,2025-02-18,Timothy Compton,Armed forces operational officer,,
T0464,P0974,D023,power,337.96,3221.61,2025-07-05,Ryan Jones,Historic buildings inspector/conservation officer,,
T0465,P0150,D032,material,2294.97,2660.57,2024-11-20,Stephen Brown,Accommodation manager,,
T0466,P0246,D010,last,2283.63,4170.49,2025-02-02,Mariah Carter,Financial manager,,
T0467,P0774,D011,huge,4488.66,782.25,2025-03-01,Amy Carter,Copy,,
T0468,P0538,D038,book,718.15,4169.69,2024-09-27,Patricia Norman,"Psychologist, forensic",,
T0469,P0935,D006,series,704.09,2726.39,2025-03-01,John Morales,"Scientist, clinical (histocompatibility and immunogenetics)",,
T0470,P0652,D041,professor,822.52,1101.92,2024-12-11,Ethan Ortiz,"Radiographer, diagnostic",,
T0471,P0099,D047,voice,245.71,4485.66,2025-08-03,Tracey Reeves,Multimedia programmer,,
T0472,P0910,D034,too,451.49,3421.53,2024-08-24,Vanessa Stewart,"Designer, jewellery",,
T0473,P0278,D036,board,3333.36,1235.96,2025-04-04,Timothy Compton,Armed forces operational officer,,
T0474,P0563,D037,despite,2214.76,651.42,2025-02-04,Aaron Lyons DDS,Sub,,
T0475,P0663,D017,happen,3841.66,1134.99,2024-12-11,Danielle Obrien,Counsellor,,
T0476,P0944,D040,just,4963.73,3239.59,2024-09-12,Lisa Gray,Health visitor,,
T0477,P0455,D040,ability,3329.27,1306.83,2025-03-06,Lisa Gray,Health visitor,,
T0478,P0104,D012,also,347.23,1515.93,2025-01-27,Cynthia Rodriguez,Automotive engineer,,
T0479,P0946,D021,economic,612.36,613.13,2025-01-30,Laura Davidson,Community development worker,,
T0480,P0601,D040,four,4416.92,3753.19,2024-10-03,Lisa Gray,Health visitor,,
T0481,P0653,D019,political,2684.73,4146.64,2025-02-26,Tyler Mckenzie,"Surveyor, building",,
T0482,P0725,D003,enter,4141.7,4085.82,2025-05-12,Daniel Frye,Metallurgist,,
T0483,P0233,D018,moment,4297.4,1074.06,2025-03-12,Claudia Robinson,Advertising art director,,
T0484,P0394,D019,able,4645.61,4564.86,2024-11-22,Tyler Mckenzie,"Surveyor, building",,
T0485,P0501,D047,prevent,4754.16,3525.25,2024-12-27,Tracey Reeves,Multimedia programmer,,
T0486,P0695,D006,boy,2818.65,4538.88,2025-07-29,John Morales,"Scientist, clinical (histocompatibility and immunogenetics)",,
T0487,P0251,D016,remember,1771.0,2512.22,2025-05-02,Lisa Henry,Secretary/administrator,,
T0488,P0521,D008,finally,4813.14,2466.3,2025-01-03,Dana Martinez,English as a second language teacher,,
T0489,P0079,D048,apply,2782.29,4030.41,2025-06-07,Dennis Fields,Advertising art director,,
T0490,P0052,D018,ever,414.84,919.84,2024-12-03,Claudia Robinson,Advertising art director,,
T0491,P0898,D048,everything,3249.61,2843.93,2025-08-02,Dennis Fields,Advertising art director,,
T0492,P0921,D043,political,2979.66,4263.73,2025-03-01,Sara Boyd MD,Immigration officer,,
T0493,P0781,D039,head,4489.39,4235.87,2025-06-11,Gabriel Stone,Medical sales representative,,
T0494,P0226,D049,simple,3300.62,4802.6,2024-12-25,Alicia Dunn,Chemical engineer,,
T0495,P0051,D049,yard,1810.36,3642.23,2025-04-01,Alicia Dunn,Chemical engineer,,
T0496,P0186,D012,sit,4834.51,1434.97,2025-04-08,Cynthia Rodriguez,Automotive engineer,,
T0497,P0034,D045,moment,4027.94,591.26,2024-12-23,Angela Douglas,"Nurse, mental health",,
T0498,P0803,D010,down,3189.05,2657.37,2024-10-10,Mariah Carter,Financial manager,,
T0499,P0742,D007,by,1535.33,2811.67,2024-08-14,Jonathon Brown,Landscape architect,,
T0500,P0131,D046,give,1930.35,1581.18,2025-02-02,James Salas,Photographer,,
T0501,P0632,D001,accept,3382.85,1061.14,2024-12-26,Cheyenne Wilson,Drilling engineer,,
T0502,P0443,D049,ever,452.71,3137.94,2024-09-29,Alicia Dunn,Chemical engineer,,
T0503,P0838,D036,later,1357.73,3939.15,2025-03-25,Timothy Compton,Armed forces operational officer,,
T0504,P0759,D021,sound,3598.11,4969.19,2025-01-02,Laura Davidson,Community development worker,,
T0505,P0432,D037,into,2452.09,3912.36,2025-06-22,Aaron Lyons DDS,Sub,,
T0506,P0704,D024,again,2071.73,4071.35,2024-08-13,Tyler Vance,"Producer, television/film/video",,
T0507,P0497,D025,shoulder,842.14,3274.07,2025-05-09,Cody Murphy,"Teacher, adult education",,
T0508,P0403,D007,consumer,2265.06,4936.65,2025-02-12,Jonathon Brown,Landscape architect,,
T0509,P0323,D042,seek,3876.39,3379.8,2024-12-03,Brooke Levine,Retail buyer,,
T0510,P0210,D017,read,1393.66,4371.14,2025-06-25,Danielle Obrien,Counsellor,,
T0511,P0615,D029,morning,126.45,4756.03,2024-11-12,Clinton Schmidt,Forensic scientist,,
T0512,P0329,D030,debate,3375.67,4684.36,2025-07-05,Stanley Gardner,Logistics and distribution manager,,
T0513,P0372,D007,politics,4865.87,2216.37,2024-10-18,Jonathon Brown,Landscape architect,,
T0514,P0460,D033,case,3073.45,853.98,2024-11-09,Jennifer Juarez,"Scientist, research (maths)",,
T0515,P0133,D007,experience,687.62,1273.43,2025-07-10,Jonathon Brown,Landscape architect,,
T0516,P0835,D024,phone,1671.59,766.5,2025-05-31,Tyler Vance,"Producer, television/film/video",,
T0517,P0651,D011,sister,4351.44,974.29,2025-02-26,Amy Carter,Copy,,
T0518,P0121,D009,computer,1239.58,1330.93,2024-11-10,Glenn Scott,"Nurse, adult",,
T0519,P0606,D012,because,3077.71,2034.92,2025-04-01,Cynthia Rodriguez,Automotive engineer,,
T0520,P0452,D035,through,2073.09,2945.93,2025-07-17,Amy Welch,Educational psychologist,,
T0521,P0965,D004,toward,1118.43,3702.57,2024-12-04,Crystal West,Patent examiner,,
T0522,P0129,D036,candidate,4085.69,1449.17,2025-08-05,Timothy Compton,Armed forces operational officer,,
T0523,P0091,D028,fall,3739.87,3526.35,2025-06-17,Robert Williams,Customer service manager,,
T0524,P0604,D013,culture,3341.8,3669.17,2025-03-27,Anthony Miller,Dentist,,
T0525,P0575,D023,their,1258.05,3013.8,2025-05-31,Ryan Jones,Historic buildings inspector/conservation officer,,
T0526,P0029,D019,stock,579.5,4566.28,2024-12-28,Tyler Mckenzie,"Surveyor, building",,
T0527,P0722,D042,general,2923.18,999.48,2025-07-21,Brooke Levine,Retail buyer,,
T0528,P0524,D037,write,2813.02,1297.05,2025-03-16,Aaron Lyons DDS,Sub,,
T0529,P0333,D039,relationship,1023.09,2428.99,2025-01-30,Gabriel Stone,Medical sales representative,,
T0530,P0297,D024,stage,375.61,1070.21,2025-07-17,Tyler Vance,"Producer, television/film/video",,
T0531,P0130,D016,concern,495.47,3048.33,2025-04-25,Lisa Henry,Secretary/administrator,,
T0532,P0293,D033,above,4964.58,2292.8,2025-06-05,Jennifer Juarez,"Scientist, research (maths)",,
T0533,P0173,D012,television,3939.56,1780.68,2025-06-13,Cynthia Rodriguez,Automotive engineer,,
T0534,P0720,D034,too,4617.74,1264.95,2024-10-30,Vanessa Stewart,"Designer, jewellery",,
T0535,P0944,D007,together,1055.77,2009.02,2025-05-12,Jonathon Brown,Landscape architect,,
T0536,P0024,D011,return,4806.79,3235.82,2024-08-13,Amy Carter,Copy,,
T0537,P0099,D031,position,799.01,3091.03,2025-05-01,Colleen Burton,"Accountant, chartered public finance",,
T0538,P0406,D029,nice,2594.5,1236.31,2025-01-25,Clinton Schmidt,Forensic scientist,,
T0539,P0356,D013,his,4165.51,1062.14,2024-10-09,Anthony Miller,Dentist,,
T0540,P0139,D031,plan,1814.04,620.05,2025-02-07,Colleen Burton,"Accountant, chartered public finance",,
T0541,P0503,D002,of,2181.66,555.92,2024-09-10,Taylor Potts,Pharmacologist,,
T0542,P0826,D039,eat,728.11,4459.15,2024-08-13,Gabriel Stone,Medical sales representative,,
T0543,P0174,D015,add,702.32,702.9,2024-12-15,Jeffrey Alvarez,Advertising copywriter,,
T0544,P0029,D011,PM,3135.88,3790.49,2024-10-25,Amy Carter,Copy,,
T0545,P0931,D034,ball,3410.11,4423.93,2025-06-17,Vanessa Stewart,"Designer, jewellery",,
T0546,P0496,D039,himself,3908.93,941.26,2024-08-30,Gabriel Stone,Medical sales representative,,
T0547,P0655,D004,heart,2827.74,2463.36,2025-06-24,Crystal West,Patent examiner,,
T0548,P0828,D011,yourself,3264.22,4830.36,2025-06-25,Amy Carter,Copy,,
T0549,P0351,D029,success,166.23,4253.62,2025-04-27,Clinton Schmidt,Forensic scientist,,
T0550,P0554,D002,real,894.64,2703.67,2024-08-31,Taylor Potts,Pharmacologist,,
T0551,P0299,D016,room,4926.08,3931.57,2025-01-12,Lisa Henry,Secretary/administrator,,
T0552,P0720,D039,consider,472.37,4250.2,2025-07-10,Gabriel Stone,Medical sales representative,,
T0553,P0842,D013,number,3426.06,2066.12,2025-02-08,Anthony Miller,Dentist,,
T0554,P0945,D037,analysis,962.8,4514.69,2025-07-30,Aaron Lyons DDS,Sub,,
T0555,P0192,D017,establish,3611.92,2617.13,2025-08-08,Danielle Obrien,Counsellor,,
T0556,P0672,D021,including,3559.35,2875.13,2025-03-30,Laura Davidson,Community development worker,,
T0557,P0064,D044,fund,1247.58,4998.68,2025-02-06,Mr. James Schwartz DVM,Research scientist (life sciences),,
T0558,P0755,D019,field,1421.21,4294.86,2024-12-27,Tyler Mckenzie,"Surveyor, building",,
T0559,P0770,D007,develop,3308.38,2127.97,2024-11-24,Jonathon Brown,Landscape architect,,
T0560,P0664,D038,very,2011.42,546.56,2024-09-09,Patricia Norman,"Psychologist, forensic",,
T0561,P0215,D008,yard,1053.29,3317.78,2025-04-16,Dana Martinez,English as a second language teacher,,
T0562,P0834,D013,organization,3685.23,3667.61,2024-10-01,Anthony Miller,Dentist,,
T0563,P0166,D037,factor,855.32,3428.61,2025-04-03,Aaron Lyons DDS,Sub,,
T0564,P0543,D002,add,4292.65,4855.38,2025-04-25,Taylor Potts,Pharmacologist,,
T0565,P0883,D041,color,2621.88,4383.37,2025-02-26,Ethan Ortiz,"Radiographer, diagnostic",,
T0566,P0232,D011,hear,617.93,2519.74,2024-08-16,Amy Carter,Copy,,
T0567,P0794,D024,exist,3500.95,782.86,2025-02-20,Tyler Vance,"Producer, television/film/video",,
T0568,P0541,D006,feel,2643.9,2642.26,2024-12-26,John Morales,"Scientist, clinical (histocompatibility and immunogenetics)",,
T0569,P0195,D026,discuss,1560.48,3601.6,2025-07-16,Morgan Collins,"Education officer, museum",,
T0570,P0506,D007,treatment,2170.44,3234.69,2025-05-22,Jonathon Brown,Landscape architect,,
T0571,P0334,D039,ten,1561.85,2921.62,2025-07-13,Gabriel Stone,Medical sales representative,,
T0572,P0768,D019,clear,1388.83,2609.69,2025-01-04,Tyler Mckenzie,"Surveyor, building",,
T0573,P0793,D006,lot,901.68,1821.93,2024-10-29,John Morales,"Scientist, clinical (histocompatibility and immunogenetics)",,
T0574,P0304,D043,reach,1877.56,1748.06,2025-05-01,Sara Boyd MD,Immigration officer,,
T0575,P0833,D029,no,1329.84,2751.04,2025-07-13,Clinton Schmidt,Forensic scientist,,
T0576,P0437,D043,interview,3448.83,1222.71,2025-02-15,Sara Boyd MD,Immigration officer,,
T0577,P0323,D039,beat,3451.0,2033.08,2024-09-30,Gabriel Stone,Medical sales representative,,
T0578,P0502,D002,throughout,2559.02,1957.91,2025-05-05,Taylor Potts,Pharmacologist,,
T0579,P0858,D019,shake,3911.93,3142.1,2025-03-18,Tyler Mckenzie,"Surveyor, building",,
T0580,P0914,D004,same,4222.56,800.07,2024-10-02,Crystal West,Patent examiner,,
T0581,P0393,D006,game,2940.86,4233.51,2024-12-20,John Morales,"Scientist, clinical (histocompatibility and immunogenetics)",,
T0582,P0806,D049,fear,3132.78,3030.7,2025-08-12,Alicia Dunn,Chemical engineer,,
T0583,P0599,D037,defense,1486.14,3518.72,2025-01-23,Aaron Lyons DDS,Sub,,
T0584,P0149,D028,resource,4484.86,3663.92,2025-04-14,Robert Williams,Customer service manager,,
T0585,P0761,D030,deal,218.61,1811.68,2025-01-29,Stanley Gardner,Logistics and distribution manager,,
T0586,P0833,D007,produce,1808.15,2616.67,2024-09-15,Jonathon Brown,Landscape architect,,
T0587,P0405,D009,station,3636.82,4803.11,2025-04-17,Glenn Scott,"Nurse, adult",,
T0588,P0283,D025,age,492.44,3950.17,2024-08-22,Cody Murphy,"Teacher, adult education",,
T0589,P0362,D033,great,997.53,4863.01,2025-07-12,Jennifer Juarez,"Scientist, research (maths)",,
T0590,P0379,D001,half,2987.5,3858.14,2024-10-01,Cheyenne Wilson,Drilling engineer,,
T0591,P0198,D006,door,2843.97,1290.2,2025-05-16,John Morales,"Scientist, clinical (histocompatibility and immunogenetics)",,
T0592,P0556,D018,two,3720.75,790.41,2025-02-26,Claudia Robinson,Advertising art director,,
T0593,P0356,D010,west,4081.8,3099.48,2025-06-24,Mariah Carter,Financial manager,,
T0594,P0540,D028,natural,730.04,2110.16,2025-04-22,Robert Williams,Customer service manager,,
T0595,P0429,D011,cover,190.07,1739.56,2025-06-28,Amy Carter,Copy,,
T0596,P0017,D033,development,3479.23,4132.45,2024-09-26,Jennifer Juarez,"Scientist, research (maths)",,
T0597,P0639,D001,throw,1576.82,2151.47,2024-12-30,Cheyenne Wilson,Drilling engineer,,
T0598,P0379,D013,this,3167.32,1926.5,2025-03-07,Anthony Miller,Dentist,,
T0599,P0680,D037,expert,837.67,4324.94,2025-06-07,Aaron Lyons DDS,Sub,,
T0600,P0506,D020,right,2398.3,4308.29,2024-10-15,Edward Rocha,Surgeon,,
T0601,P0756,D001,person,2571.68,2103.65,2024-11-27,Cheyenne Wilson,Drilling engineer,,
T0602,P0899,D003,else,2966.88,4246.24,2025-03-04,Daniel Frye,Metallurgist,,
T0603,P0076,D018,resource,2614.53,4328.5,2025-06-26,Claudia Robinson,Advertising art director,,
T0604,P0231,D041,generation,2528.88,2407.69,2025-01-05,Ethan Ortiz,"Radiographer, diagnostic",,
T0605,P0716,D014,fly,1730.4,799.13,2025-03-26,Antonio Stone,Nutritional therapist,,
T0606,P0962,D031,remain,448.78,507.13,2025-01-12,Colleen Burton,"Accountant, chartered public finance",,
T0607,P0248,D027,manage,538.65,2854.82,2025-07-22,Adam Williams,"Programmer, multimedia",,
T0608,P0302,D017,onto,2225.51,2048.34,2024-12-23,Danielle Obrien,Counsellor,,
T0609,P0726,D046,yeah,1843.39,4987.09,2024-08-19,James Salas,Photographer,,
T0610,P0215,D029,activity,2629.06,3975.85,2025-04-06,Clinton Schmidt,Forensic scientist,,
T0611,P0158,D036,alone,1593.71,3925.74,2024-12-21,Timothy Compton,Armed forces operational officer,,
T0612,P0069,D037,fast,3470.76,4798.59,2025-03-17,Aaron Lyons DDS,Sub,,
T0613,P0393,D026,send,4333.38,4494.76,2024-10-31,Morgan Collins,"Education officer, museum",,
T0614,P0085,D017,purpose,1564.43,1931.84,2024-10-26,Danielle Obrien,Counsellor,,
T0615,P0267,D022,own,1045.62,1246.94,2025-05-09,Brandon Byrd,"Education officer, museum",,
T0616,P0069,D025,nature,669.28,3856.52,2025-07-24,Cody Murphy,"Teacher, adult education",,
T0617,P0611,D002,three,3119.64,2202.23,2025-04-08,Taylor Potts,Pharmacologist,,
T0618,P0347,D022,trouble,2274.89,2629.28,2024-08-13,Brandon Byrd,"Education officer, museum",,
T0619,P0962,D005,sometimes,1021.28,3336.79,2024-09-14,Jennifer Smith,Tour manager,,
T0620,P0728,D004,we,3300.37,4585.43,2025-02-19,Crystal West,Patent examiner,,
T0621,P0927,D036,have,827.57,2385.89,2024-12-09,Timothy Compton,Armed forces operational officer,,
T0622,P0673,D006,for,2816.07,4024.93,2025-04-18,John Morales,"Scientist, clinical (histocompatibility and immunogenetics)",,
T0623,P0423,D021,make,2683.03,1707.53,2025-03-18,Laura Davidson,Community development worker,,
T0624,P0606,D013,thus,3697.72,3640.87,2025-06-03,Anthony Miller,Dentist,,
T0625,P0174,D037,management,370.04,507.11,2024-10-30,Aaron Lyons DDS,Sub,,
T0626,P0677,D025,probably,4450.58,4421.78,2025-02-02,Cody Murphy,"Teacher, adult education",,
T0627,P0115,D026,truth,3544.66,636.71,2024-10-11,Morgan Collins,"Education officer, museum",,
T0628,P0220,D039,everything,1159.02,3707.39,2025-05-21,Gabriel Stone,Medical sales representative,,
T0629,P0956,D020,network,998.69,708.16,2025-08-01,Edward Rocha,Surgeon,,
T0630,P0031,D033,gas,2215.14,1698.11,2024-08-20,Jennifer Juarez,"Scientist, research (maths)",,
T0631,P0523,D014,price,4106.07,2737.41,2025-03-22,Antonio Stone,Nutritional therapist,,
T0632,P0343,D036,arrive,4230.45,2389.72,2024-09-30,Timothy Compton,Armed forces operational officer,,
T0633,P0377,D017,never,2650.23,1363.26,2024-10-02,Danielle Obrien,Counsellor,,
T0634,P0130,D021,expert,4317.97,2002.17,2024-11-04,Laura Davidson,Community development worker,,
T0635,P1000,D046,oil,126.67,3774.68,2024-09-26,James Salas,Photographer,,
T0636,P0617,D016,member,272.36,3511.66,2025-06-13,Lisa Henry,Secretary/administrator,,
T0637,P0539,D046,recent,4567.93,823.17,2024-11-10,James Salas,Photographer,,
T0638,P0739,D016,prove,3899.13,3862.92,2025-08-10,Lisa Henry,Secretary/administrator,,
T0639,P0002,D020,type,2308.46,738.71,2025-01-23,Edward Rocha,Surgeon,,
T0640,P0871,D029,lawyer,3792.69,2943.17,2025-08-06,Clinton Schmidt,Forensic scientist,,
T0641,P0101,D028,table,4782.63,1670.28,2025-06-06,Robert Williams,Customer service manager,,
T0642,P0533,D008,those,3883.24,3144.61,2025-04-29,Dana Martinez,English as a second language teacher,,
T0643,P0058,D024,be,4227.62,1675.98,2024-10-26,Tyler Vance,"Producer, television/film/video",,
T0644,P0389,D003,look,3826.97,4932.31,2025-06-10,Daniel Frye,Metallurgist,,
T0645,P0692,D025,box,924.23,1893.78,2025-08-08,Cody Murphy,"Teacher, adult education",,
T0646,P0941,D019,region,4184.51,1588.82,2024-09-05,Tyler Mckenzie,"Surveyor, building",,
T0647,P0341,D033,operation,1056.03,1753.09,2025-03-06,Jennifer Juarez,"Scientist, research (maths)",,
T0648,P0861,D002,break,4473.8,4534.13,2024-12-04,Taylor Potts,Pharmacologist,,
T0649,P0020,D015,worker,2347.38,3362.98,2024-09-15,Jeffrey Alvarez,Advertising copywriter,,
T0650,P0255,D022,probably,3417.19,3788.08,2024-09-24,Brandon Byrd,"Education officer, museum",,
T0651,P0317,D010,feel,2536.48,4631.05,2025-06-28,Mariah Carter,Financial manager,,
T0652,P0038,D018,teach,560.56,4603.43,2025-07-20,Claudia Robinson,Advertising art director,,
T0653,P0660,D022,letter,1524.54,3825.26,2025-07-18,Brandon Byrd,"Education officer, museum",,
T0654,P0537,D046,knowledge,4920.29,1390.21,2024-09-27,James Salas,Photographer,,
T0655,P0386,D049,economic,4807.5,4295.18,2024-12-05,Alicia Dunn,Chemical engineer,,
T0656,P0633,D027,open,1670.39,1416.99,2025-06-17,Adam Williams,"Programmer, multimedia",,
T0657,P0928,D013,short,4981.85,3843.04,2024-10-04,Anthony Miller,Dentist,,
T0658,P0026,D033,information,4243.2,3585.21,2025-02-13,Jennifer Juarez,"Scientist, research (maths)",,
T0659,P0454,D005,offer,3093.7,3915.0,2025-04-20,Jennifer Smith,Tour manager,,
T0660,P0681,D026,white,296.61,2897.09,2025-04-13,Morgan Collins,"Education officer, museum",,
T0661,P0323,D013,same,4517.09,3374.27,2025-03-23,Anthony Miller,Dentist,,
T0662,P0737,D027,mouth,2831.4,4789.94,2025-06-07,Adam Williams,"Programmer, multimedia",,
T0663,P0513,D014,must,4355.53,954.9,2025-01-07,Antonio Stone,Nutritional therapist,,
T0664,P0819,D024,find,4188.7,1889.81,2025-02-20,Tyler Vance,"Producer, television/film/video",,
T0665,P0773,D003,just,4181.73,3251.11,2025-04-09,Daniel Frye,Metallurgist,,
T0666,P0013,D047,amount,3521.05,4838.24,2025-08-05,Tracey Reeves,Multimedia programmer,,
T0667,P0915,D049,score,1527.93,930.09,2025-08-08,Alicia Dunn,Chemical engineer,,
T0668,P0908,D030,grow,1747.19,601.47,2025-06-23,Stanley Gardner,Logistics and distribution manager,,
T0669,P0560,D035,born,1611.5,750.87,2025-01-27,Amy Welch,Educational psychologist,,
T0670,P0921,D048,course,198.23,735.83,2025-01-21,Dennis Fields,Advertising art director,,
T0671,P0825,D014,agree,2954.59,4585.17,2024-10-19,Antonio Stone,Nutritional therapist,,
T0672,P0371,D012,treat,3524.28,3745.66,2025-05-26,Cynthia Rodriguez,Automotive engineer,,
T0673,P0291,D028,husband,4283.94,3546.98,2025-03-28,Robert Williams,Customer service manager,,
T0674,P0332,D044,loss,786.81,2851.58,2025-03-11,Mr. James Schwartz DVM,Research scientist (life sciences),,
T0675,P0606,D029,someone,2766.5,4018.79,2025-03-22,Clinton Schmidt,Forensic scientist,,
T0676,P0261,D043,as,139.24,1200.42,2025-07-08,Sara Boyd MD,Immigration officer,,
T0677,P0994,D017,physical,565.96,2263.74,2025-07-30,Danielle Obrien,Counsellor,,
T0678,P0790,D040,suffer,365.64,2705.02,2025-01-08,Lisa Gray,Health visitor,,
T0679,P0871,D049,stay,3654.84,996.84,2025-03-12,Alicia Dunn,Chemical engineer,,
T0680,P0205,D021,anything,497.19,2387.81,2025-05-16,Laura Davidson,Community development worker,,
T0681,P0697,D023,rule,3610.62,1924.26,2024-12-17,Ryan Jones,Historic buildings inspector/conservation officer,,
T0682,P0687,D020,treat,1323.16,660.12,2025-05-24,Edward Rocha,Surgeon,,
T0683,P0950,D011,truth,4400.79,1115.31,2024-09-03,Amy Carter,Copy,,
T0684,P0387,D034,why,4084.43,3938.17,2024-12-16,Vanessa Stewart,"Designer, jewellery",,
T0685,P0892,D010,but,4793.37,581.17,2024-11-24,Mariah Carter,Financial manager,,
T0686,P0821,D010,born,4430.43,4704.14,2025-06-02,Mariah Carter,Financial manager,,
T0687,P0468,D043,next,4673.31,888.91,2024-11-18,Sara Boyd MD,Immigration officer,,
T0688,P0415,D006,across,4307.84,4096.57,2025-03-14,John Morales,"Scientist, clinical (histocompatibility and immunogenetics)",,
T0689,P0069,D036,little,3497.57,4543.77,2024-12-14,Timothy Compton,Armed forces operational officer,,
T0690,P0472,D024,able,934.27,4735.11,2025-04-01,Tyler Vance,"Producer, television/film/video",,
T0691,P0104,D012,admit,1431.37,4403.65,2024-10-20,Cynthia Rodriguez,Automotive engineer,,
T0692,P0758,D043,eat,1142.36,1793.98,2025-05-19,Sara Boyd MD,Immigration officer,,
T0693,P0161,D023,sell,3057.57,1998.89,2025-02-16,Ryan Jones,Historic buildings inspector/conservation officer,,
T0694,P0200,D027,yes,2567.74,2419.46,2025-07-25,Adam Williams,"Programmer, multimedia",,
T0695,P0216,D045,else,4348.69,1126.84,2025-03-04,Angela Douglas,"Nurse, mental health",,
T0696,P0946,D037,alone,4768.1,600.23,2024-11-10,Aaron Lyons DDS,Sub,,
T0697,P0212,D006,ten,2083.81,4411.05,2024-11-27,John Morales,"Scientist, clinical (histocompatibility and immunogenetics)",,
T0698,P0508,D001,method,2581.12,2993.58,2024-08-25,Cheyenne Wilson,Drilling engineer,,
T0699,P0016,D006,phone,4860.43,3239.25,2025-04-27,John Morales,"Scientist, clinical (histocompatibility and immunogenetics)",,
T0700,P0498,D050,under,1453.57,4671.45,2024-10-31,Erin Schwartz,"Research officer, trade union",,
T0701,P0884,D022,impact,3982.71,3493.04,2024-08-15,Brandon Byrd,"Education officer, museum",,
T0702,P0332,D041,smile,1203.68,3608.84,2025-03-11,Ethan Ortiz,"Radiographer, diagnostic",,
T0703,P0717,D024,bag,3439.15,4041.36,2024-10-01,Tyler Vance,"Producer, television/film/video",,
T0704,P0877,D025,involve,1342.72,1023.57,2025-01-29,Cody Murphy,"Teacher, adult education",,
T0705,P0551,D015,use,4430.29,2120.73,2025-01-15,Jeffrey Alvarez,Advertising copywriter,,
T0706,P0601,D026,young,2851.24,4856.94,2024-11-30,Morgan Collins,"Education officer, museum",,
T0707,P0942,D008,listen,1011.07,4653.19,2025-05-27,Dana Martinez,English as a second language teacher,,
T0708,P0256,D024,ready,1199.41,4478.34,2025-06-05,Tyler Vance,"Producer, television/film/video",,
T0709,P0992,D048,painting,2519.86,2534.4,2024-08-30,Dennis Fields,Advertising art director,,
T0710,P0766,D038,stock,4811.85,4357.37,2024-10-29,Patricia Norman,"Psychologist, forensic",,
T0711,P0728,D006,account,3871.25,717.78,2024-10-05,John Morales,"Scientist, clinical (histocompatibility and immunogenetics)",,
T0712,P0880,D035,population,2492.72,1168.33,2025-05-08,Amy Welch,Educational psychologist,,
T0713,P0815,D042,everybody,1754.82,2362.85,2025-05-05,Brooke Levine,Retail buyer,,
T0714,P0172,D001,create,2791.42,2675.26,2025-06-18,Cheyenne Wilson,Drilling engineer,,
T0715,P0649,D046,present,3766.97,1685.78,2024-10-31,James Salas,Photographer,,
T0716,P1000,D036,pay,3941.25,2104.15,2024-12-25,Timothy Compton,Armed forces operational officer,,
T0717,P0498,D012,local,1690.58,1232.49,2025-05-22,Cynthia Rodriguez,Automotive engineer,,
T0718,P0471,D038,around,3633.68,2701.1,2025-04-01,Patricia Norman,"Psychologist, forensic",,
T0719,P0384,D011,summer,3323.17,4072.29,2025-03-27,Amy Carter,Copy,,
T0720,P0690,D012,order,4799.65,3476.12,2025-03-28,Cynthia Rodriguez,Automotive engineer,,
T0721,P0589,D042,west,4662.34,985.07,2024-12-26,Brooke Levine,Retail buyer,,
T0722,P0700,D050,near,3967.96,2694.12,2025-05-12,Erin Schwartz,"Research officer, trade union",,
T0723,P0507,D039,radio,3644.63,3639.41,2024-11-02,Gabriel Stone,Medical sales representative,,
T0724,P0992,D007,either,1442.8,2884.53,2025-05-06,Jonathon Brown,Landscape architect,,
T0725,P0527,D011,wrong,4245.23,2262.54,2025-05-21,Amy Carter,Copy,,
T0726,P0804,D036,exist,2194.78,3298.61,2025-05-14,Timothy Compton,Armed forces operational officer,,
T0727,P0831,D031,course,1433.98,4858.87,2025-05-17,Colleen Burton,"Accountant, chartered public finance",,
T0728,P0325,D033,control,1982.39,927.09,2024-11-16,Jennifer Juarez,"Scientist, research (maths)",,
T0729,P0214,D013,ask,4196.08,2255.07,2024-12-06,Anthony Miller,Dentist,,
T0730,P0208,D018,difficult,828.3,2329.73,2025-03-16,Claudia Robinson,Advertising art director,,
T0731,P0169,D041,use,2335.18,3096.35,2025-05-17,Ethan Ortiz,"Radiographer, diagnostic",,
T0732,P0330,D024,somebody,2512.55,1184.79,2025-06-27,Tyler Vance,"Producer, television/film/video",,
T0733,P0280,D009,ground,279.49,1294.89,2025-01-05,Glenn Scott,"Nurse, adult",,
T0734,P0978,D031,campaign,1059.16,1784.13,2025-06-28,Colleen Burton,"Accountant, chartered public finance",,
T0735,P0305,D041,finish,4151.04,4801.42,2025-03-24,Ethan Ortiz,"Radiographer, diagnostic",,
T0736,P0146,D010,son,4170.76,3803.49,2024-11-24,Mariah Carter,Financial manager,,
T0737,P0775,D002,home,1532.83,3477.62,2025-03-12,Taylor Potts,Pharmacologist,,
T0738,P0516,D038,cell,4387.0,4176.31,2025-02-13,Patricia Norman,"Psychologist, forensic",,
T0739,P0090,D015,yet,3881.74,1074.09,2025-05-21,Jeffrey Alvarez,Advertising copywriter,,
T0740,P0453,D003,carry,2147.75,4367.0,2025-06-09,Daniel Frye,Metallurgist,,
T0741,P0060,D043,past,3767.19,3176.75,2025-08-07,Sara Boyd MD,Immigration officer,,
T0742,P0311,D031,bad,4810.54,2008.98,2024-08-25,Colleen Burton,"Accountant, chartered public finance",,
T0743,P0528,D006,home,2348.95,4171.35,2025-05-10,John Morales,"Scientist, clinical (histocompatibility and immunogenetics)",,
T0744,P0227,D003,nearly,1268.29,4111.54,2025-05-20,Daniel Frye,Metallurgist,,
T0745,P0474,D011,simply,4714.9,4305.69,2024-12-12,Amy Carter,Copy,,
T0746,P0978,D015,here,3058.35,1019.83,2024-09-10,Jeffrey Alvarez,Advertising copywriter,,
T0747,P0541,D045,yard,615.8,4862.13,2024-09-20,Angela Douglas,"Nurse, mental health",,
T0748,P0663,D028,president,2906.15,4818.32,2025-05-08,Robert Williams,Customer service manager,,
T0749,P0757,D010,my,2552.85,2108.61,2025-05-03,Mariah Carter,Financial manager,,
T0750,P0782,D038,us,4292.39,796.52,2024-11-08,Patricia Norman,"Psychologist, forensic",,
T0751,P0079,D047,marriage,2700.41,1251.75,2024-12-31,Tracey Reeves,Multimedia programmer,,
T0752,P0433,D050,protect,1350.64,4967.74,2025-05-02,Erin Schwartz,"Research officer, trade union",,
T0753,P0801,D050,own,3410.66,3033.56,2024-08-27,Erin Schwartz,"Research officer, trade union",,
T0754,P0153,D007,cell,2758.62,2104.8,2025-06-06,Jonathon Brown,Landscape architect,,
T0755,P0789,D015,major,1241.92,1796.91,2024-11-14,Jeffrey Alvarez,Advertising copywriter,,
T0756,P0401,D018,audience,2910.78,1656.46,2025-03-27,Claudia Robinson,Advertising art director,,
T0757,P0279,D018,read,4125.52,3488.69,2024-11-07,Claudia Robinson,Advertising art director,,
T0758,P0057,D041,visit,240.0,2387.25,2024-11-13,Ethan Ortiz,"Radiographer, diagnostic",,
T0759,P0977,D024,plan,3191.17,4844.35,2024-12-13,Tyler Vance,"Producer, television/film/video",,
T0760,P0186,D002,military,1812.97,3577.29,2025-04-02,Taylor Potts,Pharmacologist,,
T0761,P0398,D040,assume,1534.09,4064.2,2024-12-06,Lisa Gray,Health visitor,,
T0762,P0605,D020,us,2023.68,1817.34,2025-05-09,Edward Rocha,Surgeon,,
T0763,P0788,D034,light,1775.91,856.34,2024-11-30,Vanessa Stewart,"Designer, jewellery",,
T0764,P0158,D043,discover,4177.97,2695.2,2025-01-03,Sara Boyd MD,Immigration officer,,
T0765,P0787,D026,change,1446.51,1915.62,2025-03-16,Morgan Collins,"Education officer, museum",,
T0766,P0693,D007,public,3692.45,1409.37,2024-09-15,Jonathon Brown,Landscape architect,,
T0767,P0359,D038,cold,560.89,4786.89,2024-09-11,Patricia Norman,"Psychologist, forensic",,
T0768,P0440,D030,fund,4761.84,2497.95,2024-10-14,Stanley Gardner,Logistics and distribution manager,,
T0769,P0589,D042,establish,3149.35,1286.19,2024-12-05,Brooke Levine,Retail buyer,,
T0770,P0466,D005,clearly,3562.92,1393.93,2025-07-04,Jennifer Smith,Tour manager,,
T0771,P0663,D011,bag,1560.39,1763.19,2025-05-26,Amy Carter,Copy,,
T0772,P0446,D001,decade,2119.27,4996.92,2025-01-07,Cheyenne Wilson,Drilling engineer,,
T0773,P0750,D034,give,1196.51,1706.05,2025-07-29,Vanessa Stewart,"Designer, jewellery",,
T0774,P0801,D001,certainly,4669.43,1979.61,2025-02-05,Cheyenne Wilson,Drilling engineer,,
T0775,P0743,D019,Democrat,2491.71,3466.98,2024-12-09,Tyler Mckenzie,"Surveyor, building",,
T0776,P0488,D002,Democrat,3189.2,1822.83,2024-11-11,Taylor Potts,Pharmacologist,,
T0777,P0530,D021,arm,3697.93,1471.12,2025-05-31,Laura Davidson,Community development worker,,
T0778,P0073,D020,beyond,1918.42,1213.87,2025-04-26,Edward Rocha,Surgeon,,
T0779,P0929,D023,value,3628.5,1907.07,2025-06-01,Ryan Jones,Historic buildings inspector/conservation officer,,
T0780,P0928,D021,during,3412.36,976.62,2025-06-07,Laura Davidson,Community development worker,,
T0781,P0701,D024,large,3557.73,583.91,2024-12-31,Tyler Vance,"Producer, television/film/video",,
T0782,P0950,D004,inside,2497.23,4120.89,2024-09-17,Crystal West,Patent examiner,,
T0783,P0017,D012,really,1976.39,1120.53,2025-02-04,Cynthia Rodriguez,Automotive engineer,,
T0784,P0531,D022,industry,1188.2,3991.9,2024-11-28,Brandon Byrd,"Education officer, museum",,
T0785,P0731,D020,trade,4140.67,4088.94,2025-06-08,Edward Rocha,Surgeon,,
T0786,P0326,D018,gas,3080.92,2920.64,2025-06-20,Claudia Robinson,Advertising art director,,
T0787,P0995,D001,stage,2277.33,1893.57,2025-05-22,Cheyenne Wilson,Drilling engineer,,
T0788,P0632,D030,cost,4725.58,1152.65,2025-07-10,Stanley Gardner,Logistics and distribution manager,,
T0789,P0613,D033,industry,334.41,3815.62,2025-01-05,Jennifer Juarez,"Scientist, research (maths)",,
T0790,P0546,D024,site,4265.84,3206.24,2024-11-10,Tyler Vance,"Producer, television/film/video",,
T0791,P0596,D014,out,4988.15,3449.54,2024-09-06,Antonio Stone,Nutritional therapist,,
T0792,P0921,D036,yeah,4446.02,539.01,2024-09-02,Timothy Compton,Armed forces operational officer,,
T0793,P0708,D005,of,4071.14,4673.83,2025-03-13,Jennifer Smith,Tour manager,,
T0794,P0842,D011,billion,1934.1,798.31,2024-10-04,Amy Carter,Copy,,
T0795,P0202,D024,meet,1233.44,2150.63,2025-08-03,Tyler Vance,"Producer, television/film/video",,
T0796,P0344,D031,policy,3700.77,2312.2,2024-12-15,Colleen Burton,"Accountant, chartered public finance",,
T0797,P0853,D013,middle,1592.42,506.1,2024-11-20,Anthony Miller,Dentist,,
T0798,P0523,D016,fund,962.59,2736.9,2025-07-18,Lisa Henry,Secretary/administrator,,
T0799,P0859,D024,stop,3953.98,3887.64,2025-06-16,Tyler Vance,"Producer, television/film/video",,
T0800,P0400,D013,onto,1631.46,4204.71,2024-11-13,Anthony Miller,Dentist,,
T0801,P0218,D024,campaign,4580.76,4457.29,2024-11-21,Tyler Vance,"Producer, television/film/video",,
T0802,P0445,D026,continue,4219.1,2694.73,2025-08-08,Morgan Collins,"Education officer, museum",,
T0803,P0765,D002,too,4253.44,3337.86,2025-02-14,Taylor Potts,Pharmacologist,,
T0804,P0222,D016,skin,3880.69,857.84,2025-05-04,Lisa Henry,Secretary/administrator,,
T0805,P0383,D038,age,4416.32,2696.17,2025-04-08,Patricia Norman,"Psychologist, forensic",,
T0806,P0881,D046,what,4048.16,1196.67,2025-05-12,James Salas,Photographer,,
T0807,P0592,D001,growth,3052.31,2163.39,2024-11-05,Cheyenne Wilson,Drilling engineer,,
T0808,P0007,D049,trouble,1549.53,1981.87,2025-05-22,Alicia Dunn,Chemical engineer,,
T0809,P0272,D011,blood,4452.23,2405.93,2025-06-22,Amy Carter,Copy,,
T0810,P0739,D035,material,4218.96,3072.36,2025-03-20,Amy Welch,Educational psychologist,,
T0811,P0016,D043,defense,2417.11,4562.94,2025-01-20,Sara Boyd MD,Immigration officer,,
T0812,P0424,D029,century,291.49,2275.18,2024-08-23,Clinton Schmidt,Forensic scientist,,
T0813,P0524,D037,ability,3228.86,4915.09,2025-04-26,Aaron Lyons DDS,Sub,,
T0814,P0803,D017,option,347.92,3915.63,2024-09-26,Danielle Obrien,Counsellor,,
T0815,P0753,D039,become,4638.77,2801.66,2024-09-29,Gabriel Stone,Medical sales representative,,
T0816,P0021,D042,worry,4811.99,3398.12,2025-08-11,Brooke Levine,Retail buyer,,
T0817,P0690,D028,nearly,1028.5,960.01,2025-06-18,Robert Williams,Customer service manager,,
T0818,P0939,D029,economy,3414.31,4300.35,2024-11-29,Clinton Schmidt,Forensic scientist,,
T0819,P0228,D043,truth,552.12,3120.61,2025-07-16,Sara Boyd MD,Immigration officer,,
T0820,P0785,D003,there,3674.63,4937.3,2025-01-06,Daniel Frye,Metallurgist,,
T0821,P0288,D010,type,1801.71,3363.93,2025-04-14,Mariah Carter,Financial manager,,
T0822,P0809,D042,serve,3437.15,4253.5,2024-12-30,Brooke Levine,Retail buyer,,
T0823,P0134,D014,social,1927.09,4098.93,2025-04-20,Antonio Stone,Nutritional therapist,,
T0824,P0984,D012,find,813.28,2054.58,2025-08-02,Cynthia Rodriguez,Automotive engineer,,
T0825,P0283,D047,great,2089.94,1668.25,2025-01-23,Tracey Reeves,Multimedia programmer,,
T0826,P0404,D042,almost,652.1,2437.22,2024-10-14,Brooke Levine,Retail buyer,,
T0827,P0665,D030,town,2926.73,2602.59,2024-12-08,Stanley Gardner,Logistics and distribution manager,,
T0828,P0066,D032,away,300.66,1580.38,2024-10-22,Stephen Brown,Accommodation manager,,
T0829,P0649,D032,now,2683.87,4525.69,2025-04-27,Stephen Brown,Accommodation manager,,
T0830,P0604,D042,many,4443.21,2941.47,2024-11-08,Brooke Levine,Retail buyer,,
T0831,P0437,D032,wear,4205.58,4903.0,2024-10-02,Stephen Brown,Accommodation manager,,
T0832,P0829,D026,top,4425.63,4145.08,2024-11-17,Morgan Collins,"Education officer, museum",,
T0833,P0934,D001,career,4618.04,3000.67,2024-12-19,Cheyenne Wilson,Drilling engineer,,
T0834,P0259,D042,as,612.19,4761.68,2025-03-01,Brooke Levine,Retail buyer,,
T0835,P0980,D002,war,730.86,2771.94,2025-04-13,Taylor Potts,Pharmacologist,,
T0836,P0966,D017,hot,2829.33,4491.98,2024-09-17,Danielle Obrien,Counsellor,,
T0837,P0103,D030,manage,4480.47,2111.65,2025-06-09,Stanley Gardner,Logistics and distribution manager,,
T0838,P0993,D039,network,4874.31,2203.89,2025-04-01,Gabriel Stone,Medical sales representative,,
T0839,P0567,D007,away,326.68,2381.59,2025-04-11,Jonathon Brown,Landscape architect,,
T0840,P0769,D027,these,1843.29,2959.82,2025-07-31,Adam Williams,"Programmer, multimedia",,
T0841,P0101,D009,available,1143.18,2990.71,2025-08-01,Glenn Scott,"Nurse, adult",,
T0842,P0198,D022,bag,3804.23,2733.8,2024-09-06,Brandon Byrd,"Education officer, museum",,
T0843,P0813,D034,section,3236.95,1877.0,2025-07-16,Vanessa Stewart,"Designer, jewellery",,
T0844,P0226,D046,Mrs,687.45,4672.43,2025-07-13,James Salas,Photographer,,
T0845,P0943,D049,customer,2469.26,3148.64,2025-05-25,Alicia Dunn,Chemical engineer,,
T0846,P0463,D001,garden,3458.66,2334.83,2024-08-22,Cheyenne Wilson,Drilling engineer,,
T0847,P0237,D009,carry,3917.13,3430.3,2024-09-29,Glenn Scott,"Nurse, adult",,
T0848,P0026,D020,box,198.26,3955.85,2025-02-10,Edward Rocha,Surgeon,,
T0849,P0121,D019,close,4463.3,4823.28,2025-05-22,Tyler Mckenzie,"Surveyor, building",,
T0850,P0910,D036,citizen,2889.48,2747.97,2025-02-26,Timothy Compton,Armed forces operational officer,,
T0851,P0506,D040,least,4078.35,1004.44,2025-03-30,Lisa Gray,Health visitor,,
T0852,P0182,D045,live,4058.9,2483.45,2025-05-30,Angela Douglas,"Nurse, mental health",,
T0853,P0711,D004,course,1030.28,2655.37,2025-04-21,Crystal West,Patent examiner,,
T0854,P0814,D009,kitchen,639.84,4536.47,2025-07-01,Glenn Scott,"Nurse, adult",,
T0855,P0767,D041,under,3634.31,2276.6,2025-02-05,Ethan Ortiz,"Radiographer, diagnostic",,
T0856,P0634,D022,family,866.49,4789.96,2024-11-10,Brandon Byrd,"Education officer, museum",,
T0857,P0543,D018,continue,4264.69,2683.09,2025-02-28,Claudia Robinson,Advertising art director,,
T0858,P0984,D012,police,3658.33,4882.01,2025-06-18,Cynthia Rodriguez,Automotive engineer,,
T0859,P0315,D042,thus,4224.94,536.89,2025-08-09,Brooke Levine,Retail buyer,,
T0860,P0991,D043,cause,1565.16,4544.67,2025-01-11,Sara Boyd MD,Immigration officer,,
T0861,P0797,D039,soon,1651.33,4690.04,2025-03-17,Gabriel Stone,Medical sales representative,,
T0862,P0618,D009,rather,3388.99,4824.59,2024-09-17,Glenn Scott,"Nurse, adult",,
T0863,P0736,D006,someone,254.09,558.84,2025-07-01,John Morales,"Scientist, clinical (histocompatibility and immunogenetics)",,
T0864,P0273,D019,television,3659.83,1272.65,2025-06-02,Tyler Mckenzie,"Surveyor, building",,
T0865,P0910,D048,discussion,4195.34,3441.94,2025-05-09,Dennis Fields,Advertising art director,,
T0866,P0232,D047,leave,2134.3,614.63,2025-02-25,Tracey Reeves,Multimedia programmer,,
T0867,P0420,D007,factor,3847.91,786.24,2025-02-21,Jonathon Brown,Landscape architect,,
T0868,P0768,D016,investment,955.59,1494.85,2024-10-21,Lisa Henry,Secretary/administrator,,
T0869,P0442,D005,change,1679.08,2805.98,2025-06-13,Jennifer Smith,Tour manager,,
T0870,P0496,D016,ask,4874.09,2956.56,2025-07-12,Lisa Henry,Secretary/administrator,,
T0871,P0024,D001,poor,4933.01,654.18,2025-05-02,Cheyenne Wilson,Drilling engineer,,
T0872,P0109,D037,generation,2611.76,1266.65,2025-07-23,Aaron Lyons DDS,Sub,,
T0873,P0703,D039,attack,4677.92,2748.68,2024-10-28,Gabriel Stone,Medical sales representative,,
T0874,P0502,D019,near,2661.38,3172.73,2025-02-09,Tyler Mckenzie,"Surveyor, building",,
T0875,P0859,D037,let,1528.78,1167.81,2025-05-07,Aaron Lyons DDS,Sub,,
T0876,P0025,D017,each,1407.81,2294.79,2025-08-11,Danielle Obrien,Counsellor,,
T0877,P0187,D026,house,4654.58,4569.81,2024-09-03,Morgan Collins,"Education officer, museum",,
T0878,P0288,D022,style,944.99,4995.05,2025-03-12,Brandon Byrd,"Education officer, museum",,
T0879,P0628,D008,plan,2940.2,4942.47,2025-02-21,Dana Martinez,English as a second language teacher,,
T0880,P0338,D033,guess,2822.07,4467.54,2025-04-03,Jennifer Juarez,"Scientist, research (maths)",,
T0881,P0878,D002,address,3724.15,2275.97,2025-06-11,Taylor Potts,Pharmacologist,,
T0882,P0914,D030,sign,2546.29,3589.58,2025-04-10,Stanley Gardner,Logistics and distribution manager,,
T0883,P0037,D047,weight,1434.2,2374.67,2025-05-04,Tracey Reeves,Multimedia programmer,,
T0884,P0794,D020,those,930.04,3418.37,2024-11-18,Edward Rocha,Surgeon,,
T0885,P0137,D018,shake,3142.01,1892.45,2025-08-07,Claudia Robinson,Advertising art director,,
T0886,P0508,D043,outside,3623.05,3227.91,2024-11-03,Sara Boyd MD,Immigration officer,,
T0887,P0227,D010,single,2890.65,2856.91,2025-05-31,Mariah Carter,Financial manager,,
T0888,P0320,D024,today,3717.92,610.16,2025-08-13,Tyler Vance,"Producer, television/film/video",,
T0889,P0840,D004,until,793.45,4058.16,2024-09-09,Crystal West,Patent examiner,,
T0890,P0916,D037,painting,4424.1,553.54,2025-08-10,Aaron Lyons DDS,Sub,,
T0891,P0182,D004,check,2953.74,1819.2,2025-05-02,Crystal West,Patent examiner,,
T0892,P0874,D013,hundred,721.54,526.66,2025-07-21,Anthony Miller,Dentist,,
T0893,P0086,D025,maybe,2363.43,2192.91,2025-05-21,Cody Murphy,"Teacher, adult education",,
T0894,P0467,D013,store,4239.48,784.22,2024-12-24,Anthony Miller,Dentist,,
T0895,P0926,D018,decide,4498.05,4610.8,2025-06-04,Claudia Robinson,Advertising art director,,
T0896,P0053,D024,significant,1396.78,2370.56,2025-08-01,Tyler Vance,"Producer, television/film/video",,
T0897,P0860,D002,project,3585.2,2567.73,2024-11-19,Taylor Potts,Pharmacologist,,
T0898,P0867,D048,everybody,589.93,2074.33,2025-04-25,Dennis Fields,Advertising art director,,
T0899,P0235,D033,team,264.37,3323.78,2025-03-31,Jennifer Juarez,"Scientist, research (maths)",,
T0900,P0959,D019,rich,2845.95,4029.84,2024-08-13,Tyler Mckenzie,"Surveyor, building",,
T0901,P0779,D009,cost,3504.66,3416.66,2024-11-01,Glenn Scott,"Nurse, adult",,
T0902,P0799,D028,parent,3999.35,3866.93,2024-09-17,Robert Williams,Customer service manager,,
T0903,P0433,D035,business,1767.06,4576.88,2025-02-15,Amy Welch,Educational psychologist,,
T0904,P0496,D039,sea,131.97,4385.96,2025-02-25,Gabriel Stone,Medical sales representative,,
T0905,P0999,D010,employee,2449.64,3533.26,2025-01-16,Mariah Carter,Financial manager,,
T0906,P0100,D001,edge,177.68,1465.87,2025-07-08,Cheyenne Wilson,Drilling engineer,,
T0907,P0990,D042,tonight,550.72,3369.66,2025-06-12,Brooke Levine,Retail buyer,,
T0908,P0599,D021,local,1700.78,2777.37,2025-03-13,Laura Davidson,Community development worker,,
T0909,P0403,D009,another,2242.14,3727.49,2025-02-09,Glenn Scott,"Nurse, adult",,
T0910,P0396,D047,maybe,1469.4,4248.19,2025-03-23,Tracey Reeves,Multimedia programmer,,
T0911,P0527,D015,their,2951.14,3842.25,2024-09-07,Jeffrey Alvarez,Advertising copywriter,,
T0912,P0415,D035,that,371.21,4309.53,2025-03-05,Amy Welch,Educational psychologist,,
T0913,P0939,D005,camera,808.44,787.4,2025-05-04,Jennifer Smith,Tour manager,,
T0914,P0613,D041,air,3506.77,642.29,2025-06-21,Ethan Ortiz,"Radiographer, diagnostic",,
T0915,P0677,D022,hundred,796.49,1663.25,2024-12-01,Brandon Byrd,"Education officer, museum",,
T0916,P0463,D041,short,3234.9,4553.0,2025-08-09,Ethan Ortiz,"Radiographer, diagnostic",,
T0917,P0541,D023,coach,367.95,4206.47,2025-07-31,Ryan Jones,Historic buildings inspector/conservation officer,,
T0918,P0626,D007,share,2096.17,3572.27,2025-04-19,Jonathon Brown,Landscape architect,,
T0919,P0619,D023,away,969.31,3653.41,2025-03-01,Ryan Jones,Historic buildings inspector/conservation officer,,
T0920,P0922,D044,crime,637.22,3770.02,2025-05-22,Mr. James Schwartz DVM,Research scientist (life sciences),,
T0921,P0364,D025,once,2878.46,4741.71,2024-08-24,Cody Murphy,"Teacher, adult education",,
T0922,P0130,D027,possible,4648.85,4244.86,2025-04-12,Adam Williams,"Programmer, multimedia",,
T0923,P0084,D041,note,368.46,3305.26,2025-07-21,Ethan Ortiz,"Radiographer, diagnostic",,
T0924,P0271,D006,language,2165.62,3495.72,2024-12-29,John Morales,"Scientist, clinical (histocompatibility and immunogenetics)",,
T0925,P0244,D034,moment,3566.92,1461.83,2024-11-28,Vanessa Stewart,"Designer, jewellery",,
T0926,P0388,D009,marriage,2367.17,3457.93,2025-08-08,Glenn Scott,"Nurse, adult",,
T0927,P0214,D049,southern,4051.83,2411.06,2024-10-02,Alicia Dunn,Chemical engineer,,
T0928,P0818,D033,challenge,980.26,1188.33,2025-02-12,Jennifer Juarez,"Scientist, research (maths)",,
T0929,P0166,D006,recent,4802.01,4128.81,2024-10-24,John Morales,"Scientist, clinical (histocompatibility and immunogenetics)",,
T0930,P0791,D037,officer,1987.3,2796.11,2025-04-02,Aaron Lyons DDS,Sub,,
T0931,P0059,D031,none,1773.69,4898.41,2024-10-24,Colleen Burton,"Accountant, chartered public finance",,
T0932,P0602,D034,employee,4385.57,1767.56,2025-06-14,Vanessa Stewart,"Designer, jewellery",,
T0933,P0883,D041,political,2862.95,2663.02,2025-06-21,Ethan Ortiz,"Radiographer, diagnostic",,
T0934,P0843,D029,decide,2630.58,2515.98,2025-01-20,Clinton Schmidt,Forensic scientist,,
T0935,P0924,D014,behind,3662.19,1043.51,2025-04-01,Antonio Stone,Nutritional therapist,,
T0936,P0504,D036,nor,2941.19,2417.52,2025-08-08,Timothy Compton,Armed forces operational officer,,
T0937,P0706,D036,foreign,896.33,1793.99,2025-03-07,Timothy Compton,Armed forces operational officer,,
T0938,P0123,D015,best,3403.57,1221.44,2025-05-27,Jeffrey Alvarez,Advertising copywriter,,
T0939,P0648,D008,myself,754.0,1769.7,2025-07-17,Dana Martinez,English as a second language teacher,,
T0940,P0413,D026,Congress,4048.7,1549.63,2025-02-19,Morgan Collins,"Education officer, museum",,
T0941,P0139,D036,seem,4949.71,3803.33,2025-03-17,Timothy Compton,Armed forces operational officer,,
T0942,P0229,D048,today,1949.2,638.49,2024-12-26,Dennis Fields,Advertising art director,,
T0943,P0274,D021,occur,2279.3,3278.58,2025-07-21,Laura Davidson,Community development worker,,
T0944,P0439,D028,beat,327.52,3922.98,2025-07-06,Robert Williams,Customer service manager,,
T0945,P0562,D004,face,167.29,2663.26,2024-09-07,Crystal West,Patent examiner,,
T0946,P0910,D016,low,4614.95,4692.04,2024-12-24,Lisa Henry,Secretary/administrator,,
T0947,P0118,D022,choice,730.26,3685.46,2024-10-19,Brandon Byrd,"Education officer, museum",,
T0948,P0714,D012,art,2284.32,3865.66,2025-06-03,Cynthia Rodriguez,Automotive engineer,,
T0949,P0995,D016,might,4095.24,1386.2,2024-09-07,Lisa Henry,Secretary/administrator,,
T0950,P0905,D040,resource,4457.66,3997.83,2024-10-14,Lisa Gray,Health visitor,,
T0951,P0483,D038,majority,2645.05,4244.43,2024-10-01,Patricia Norman,"Psychologist, forensic",,
T0952,P0395,D042,reveal,2868.66,2125.7,2025-03-21,Brooke Levine,Retail buyer,,
T0953,P0703,D037,manage,3381.45,1460.13,2025-07-27,Aaron Lyons DDS,Sub,,
T0954,P0876,D029,whom,4810.77,2232.73,2025-01-12,Clinton Schmidt,Forensic scientist,,
T0955,P0460,D018,mission,3053.08,3828.24,2025-05-11,Claudia Robinson,Advertising art director,,
T0956,P0835,D010,watch,2841.43,2379.38,2025-02-09,Mariah Carter,Financial manager,,
T0957,P0693,D042,himself,171.22,3814.93,2024-09-12,Brooke Levine,Retail buyer,,
T0958,P0935,D039,woman,496.65,1011.04,2024-08-13,Gabriel Stone,Medical sales representative,,
T0959,P0078,D018,situation,2928.14,4127.05,2025-06-06,Claudia Robinson,Advertising art director,,
T0960,P0952,D001,north,4687.58,1639.43,2024-12-20,Cheyenne Wilson,Drilling engineer,,
T0961,P0412,D039,subject,4346.79,1620.18,2024-08-31,Gabriel Stone,Medical sales representative,,
T0962,P0075,D021,world,4914.64,3156.71,2025-04-25,Laura Davidson,Community development worker,,
T0963,P0295,D001,produce,2686.39,815.53,2024-08-31,Cheyenne Wilson,Drilling engineer,,
T0964,P0793,D015,but,3960.86,618.34,2024-10-30,Jeffrey Alvarez,Advertising copywriter,,
T0965,P0021,D004,shoulder,4217.96,1674.63,2025-03-04,Crystal West,Patent examiner,,
T0966,P0906,D020,under,3275.36,2921.3,2025-06-14,Edward Rocha,Surgeon,,
T0967,P0171,D010,simply,1759.87,4584.27,2024-10-29,Mariah Carter,Financial manager,,
T0968,P0015,D023,add,2402.89,4308.96,2025-01-22,Ryan Jones,Historic buildings inspector/conservation officer,,
T0969,P0211,D041,along,4303.79,2707.01,2024-11-14,Ethan Ortiz,"Radiographer, diagnostic",,
T0970,P0560,D034,defense,1562.88,666.73,2024-10-21,Vanessa Stewart,"Designer, jewellery",,
T0971,P0086,D046,PM,4626.34,2908.64,2025-07-22,James Salas,Photographer,,
T0972,P0149,D048,class,1226.05,3671.58,2025-07-22,Dennis Fields,Advertising art director,,
T0973,P0700,D033,part,3772.63,2026.24,2024-10-04,Jennifer Juarez,"Scientist, research (maths)",,
T0974,P0372,D034,finally,3189.74,999.78,2024-12-16,Vanessa Stewart,"Designer, jewellery",,
T0975,P0480,D039,old,3773.04,1753.56,2025-05-06,Gabriel Stone,Medical sales representative,,
T0976,P0818,D010,however,2243.0,3972.15,2025-01-27,Mariah Carter,Financial manager,,
T0977,P0151,D020,site,4669.94,2080.6,2025-01-13,Edward Rocha,Surgeon,,
T0978,P0141,D001,whom,3199.11,4153.92,2024-12-29,Cheyenne Wilson,Drilling engineer,,
T0979,P0069,D013,tough,1512.65,1937.85,2024-09-12,Anthony Miller,Dentist,,
T0980,P0260,D001,structure,3228.43,1236.0,2025-05-07,Cheyenne Wilson,Drilling engineer,,
T0981,P0988,D005,heavy,1505.4,2461.32,2024-09-13,Jennifer Smith,Tour manager,,
T0982,P0846,D016,oil,1538.8,2535.24,2025-01-29,Lisa Henry,Secretary/administrator,,
T0983,P0968,D015,easy,2058.03,572.49,2024-10-16,Jeffrey Alvarez,Advertising copywriter,,
T0984,P0521,D049,Democrat,4276.91,1026.7,2025-02-28,Alicia Dunn,Chemical engineer,,
T0985,P0633,D028,information,2551.46,1332.17,2025-02-25,Robert Williams,Customer service manager,,
T0986,P0371,D031,material,3426.61,1011.14,2024-12-07,Colleen Burton,"Accountant, chartered public finance",,
T0987,P0419,D023,north,2020.64,2036.87,2024-09-18,Ryan Jones,Historic buildings inspector/conservation officer,,
T0988,P0101,D048,assume,1391.67,4840.8,2024-11-20,Dennis Fields,Advertising art director,,
T0989,P0661,D045,maybe,4777.74,2791.5,2024-12-09,Angela Douglas,"Nurse, mental health",,
T0990,P0954,D043,small,3057.55,3324.0,2024-12-05,Sara Boyd MD,Immigration officer,,
T0991,P0658,D017,condition,4676.36,2103.74,2024-12-31,Danielle Obrien,Counsellor,,
T0992,P0865,D049,after,1096.72,1955.69,2025-02-08,Alicia Dunn,Chemical engineer,,
T0993,P0968,D034,minute,819.78,604.16,2025-07-02,Vanessa Stewart,"Designer, jewellery",,
T0994,P0243,D013,trade,4293.53,2751.5,2024-12-11,Anthony Miller,Dentist,,
T0995,P0753,D014,national,3436.49,2676.24,2024-10-26,Antonio Stone,Nutritional therapist,,
T0996,P0512,D011,join,1014.23,1210.24,2024-10-18,Amy Carter,Copy,,
T0997,P0849,D028,over,1419.86,3939.46,2025-03-01,Robert Williams,Customer service manager,,
T0998,P0555,D042,speech,4023.25,2717.03,2025-05-21,Brooke Levine,Retail buyer,,
T0999,P0095,D032,effect,2323.96,2025.47,2025-02-02,Stephen Brown,Accommodation manager,,
T1000,P0226,D035,successful,3385.65,1161.09,2024-08-14,Amy Welch,Educational psychologist,,
